Date,NVDA_Price,Strike,Contracts,Premium,PnL,Capital,VIX,Status,Peak,Drawdown_%
2019-01-07,3.6899993419647217,3.163455935133436,1,40,40.0,50040.0,33.208531116776825,OTM,50040.0,0.0
2019-01-14,3.8908252716064453,3.457061773248533,1,40,40.0,50080.0,33.208531116776825,OTM,50080.0,0.0
2019-01-21,3.970658540725708,3.6452102199287006,1,40,40.0,50120.0,33.208531116776825,OTM,50120.0,0.0
2019-01-28,3.588346004486084,3.7200038763304706,1,40,29.467370252449072,50149.46737025245,33.208531116776825,ASSIGNED_ABSORBED,50149.46737025245,0.0
2019-02-04,3.673635482788086,3.3618254779126597,1,40,40.0,50189.46737025245,33.208531116776825,OTM,50189.46737025245,0.0
2019-02-11,3.9009902477264404,3.4417309108879324,1,40,40.0,50229.46737025245,33.208531116776825,OTM,50229.46737025245,0.0
2019-02-18,3.9468576908111572,3.654733514410295,1,40,40.0,50269.46737025245,33.208531116776825,OTM,50269.46737025245,0.0
2019-02-25,3.8829216957092285,3.6977054960910287,1,40,40.0,50309.46737025245,33.208531116776825,OTM,50309.46737025245,0.0
2019-03-04,3.7387237548828125,3.6378055708829673,1,40,40.0,50349.46737025245,33.208531116776825,OTM,50349.46737025245,0.0
2019-03-11,4.214503288269043,3.502710373617503,1,40,40.0,50389.46737025245,33.208531116776825,OTM,50389.46737025245,0.0
2019-03-18,4.405361652374268,3.9484555038829727,1,40,40.0,50429.46737025245,33.208531116776825,OTM,50429.46737025245,0.0
2019-03-25,4.456488609313965,4.127265604781693,1,40,40.0,50469.46737025245,33.208531116776825,OTM,50469.46737025245,0.0
2019-04-01,4.739175319671631,4.193395806979914,1,40,40.0,50509.46737025245,32.02855628601212,OTM,50509.46737025245,0.0
2019-04-08,4.715845584869385,4.471304854838463,1,40,40.0,50549.46737025245,31.30360779656122,OTM,50549.46737025245,0.0
2019-04-15,4.623766899108887,4.45141654674039,1,40,40.0,50589.46737025245,31.17376885714325,OTM,50589.46737025245,0.0
2019-04-22,4.420003890991211,4.359913874236086,1,40,40.0,50629.46737025245,31.459923367650816,OTM,50629.46737025245,0.0
2019-04-29,4.542112350463867,4.201929928762405,1,40,40.0,50669.46737025245,29.231242723783815,OTM,50669.46737025245,0.0
2019-05-06,4.189932346343994,4.317789801789298,1,40,29.77140356437566,50699.238773816825,29.245467995195177,ASSIGNED_ABSORBED,50699.238773816825,0.0
2019-05-13,3.8849072456359863,3.961601449632129,1,40,33.8644636803086,50733.10323749713,30.71879806767099,ASSIGNED_ABSORBED,50733.10323749713,0.0
2019-05-20,3.6024677753448486,3.6551721171569675,1,40,35.78365265503049,50768.886890152164,32.05722650520184,ASSIGNED_ABSORBED,50768.886890152164,0.0
2019-05-27,3.365809917449951,3.376571796213016,1,40,39.1390496989548,50808.02593985112,33.08714662221785,ASSIGNED_ABSORBED,50808.02593985112,0.0
2019-06-03,3.615276336669922,3.1484696856553476,1,40,40.0,50848.02593985112,33.62568283238949,OTM,50848.02593985112,0.0
2019-06-10,3.5939080715179443,3.413681175184054,1,40,40.0,50888.02593985112,31.084229783491708,OTM,50888.02593985112,0.0
2019-06-17,3.770820140838623,3.403687950420536,1,40,40.0,50928.02593985112,30.266910262442998,OTM,50928.02593985112,0.0
2019-06-24,4.080666542053223,3.5607012086692715,1,40,40.0,50968.02593985112,31.07278110514916,OTM,50968.02593985112,0.0
2019-07-01,3.981276750564575,3.842985233303757,1,40,40.0,51008.02593985112,31.800630722144582,OTM,51008.02593985112,0.0
2019-07-08,4.164648532867432,3.7490231007056476,1,40,40.0,51048.02593985112,31.82681201926036,OTM,51048.02593985112,0.0
2019-07-15,4.185272693634033,3.912102346129335,1,40,40.0,51088.02593985112,32.49138192134873,OTM,51088.02593985112,0.0
2019-07-22,4.350009918212891,3.936010524876572,1,40,40.0,51128.02593985112,32.178857317572344,OTM,51128.02593985112,0.0
2019-07-29,4.005129814147949,4.088153476327666,1,40,33.35810702562263,51161.384046876745,32.36339632835799,ASSIGNED_ABSORBED,51161.384046876745,0.0
2019-08-05,3.8309502601623535,3.7632284274452164,1,40,40.0,51201.384046876745,32.4214149120776,OTM,51201.384046876745,0.0
2019-08-12,3.9646294116973877,3.609463817602931,1,40,40.0,51241.384046876745,31.676399769998866,OTM,51241.384046876745,0.0
2019-08-19,4.036188125610352,3.7519461769453657,1,40,40.0,51281.384046876745,30.47363405149435,OTM,51281.384046876745,0.0
2019-08-26,4.166284561157227,3.84178807122497,1,40,40.0,51321.384046876745,28.892699591320202,OTM,51321.384046876745,0.0
2019-09-02,4.443357944488525,3.978764553657133,1,40,40.0,51361.384046876745,27.982560212434095,OTM,51361.384046876745,0.0
2019-09-09,4.525185585021973,4.234184423617724,1,40,40.0,51401.384046876745,28.578664863666773,OTM,51401.384046876745,0.0
2019-09-16,4.295120716094971,4.316579463678272,1,40,38.28330019333592,51439.667347070084,28.296958593166288,ASSIGNED_ABSORBED,51439.667347070084,0.0
2019-09-23,4.2719902992248535,4.102736114572213,1,40,40.0,51479.667347070084,27.91982398167682,OTM,51479.667347070084,0.0
2019-09-30,4.5259318351745605,4.084105859942516,1,40,40.0,51519.667347070084,27.685927303106222,OTM,51519.667347070084,0.0
2019-10-07,4.625916481018066,4.321272436295302,1,40,40.0,51559.667347070084,28.043235886672953,OTM,51559.667347070084,0.0
2019-10-14,4.737839698791504,4.415955761511068,1,40,40.0,51599.667347070084,28.0918773500933,OTM,51599.667347070084,0.0
2019-10-21,5.087289810180664,4.5261463835140345,1,40,40.0,51639.667347070084,27.888086578371478,OTM,51639.667347070084,0.0
2019-10-28,5.038788318634033,4.889107404784197,1,40,40.0,51679.667347070084,26.236738636305464,OTM,51679.667347070084,0.0
2019-11-04,5.167874336242676,4.863033425685474,1,40,40.0,51719.667347070084,25.061042272345396,OTM,51719.667347070084,0.0
2019-11-11,5.078584671020508,4.98849246782589,1,40,40.0,51759.667347070084,25.012171076675124,OTM,51759.667347070084,0.0
2019-11-18,5.245225429534912,4.892686823615594,1,40,40.0,51799.667347070084,25.558283683113046,OTM,51799.667347070084,0.0
2019-11-25,5.394702434539795,5.0531329298216825,1,40,40.0,51839.667347070084,25.563501861303394,OTM,51839.667347070084,0.0
2019-12-02,5.280956745147705,5.212548047102083,1,40,40.0,51879.667347070084,24.739435928883484,OTM,51879.667347070084,0.0
2019-12-09,5.575158596038818,5.093602650426588,1,40,40.0,51919.667347070084,25.23321837742082,OTM,51919.667347070084,0.0
2019-12-16,5.957968711853027,5.402617878673852,1,40,40.0,51959.667347070084,23.926804758619525,OTM,51959.667347070084,0.0
2019-12-23,5.895742893218994,5.7657756821465265,1,40,40.0,51999.667347070084,24.304672205007808,OTM,51999.667347070084,0.0
2019-12-30,5.87583065032959,5.704211684007327,1,40,40.0,52039.667347070084,24.370498112576136,OTM,52039.667347070084,0.0
2020-01-06,6.081175804138184,5.679849887316988,1,40,40.0,52079.667347070084,24.620681494717452,OTM,52079.667347070084,0.0
2020-01-13,6.204629421234131,5.876837607231848,1,40,40.0,52119.667347070084,24.69222887429494,OTM,52119.667347070084,0.0
2020-01-20,6.234499454498291,6.022722854198576,1,40,40.0,52159.667347070084,23.456568929589565,OTM,52159.667347070084,0.0
2020-01-27,5.884791851043701,6.057359258000677,1,40,26.194607443441953,52185.86195451353,23.19553282285833,ASSIGNED_ABSORBED,52185.86195451353,0.0
2020-02-03,6.262128829956055,5.676364309909528,1,40,40.0,52225.86195451353,25.216112390039562,OTM,52225.86195451353,0.0
2020-02-10,7.2129340171813965,6.029389195915292,1,40,40.0,52265.86195451353,25.7203758613517,OTM,52265.86195451353,0.0
2020-02-17,7.319464683532715,6.826034535257173,1,40,40.0,52305.86195451353,30.472049706323098,OTM,52305.86195451353,0.0
2020-02-24,6.726118564605713,6.925838613506606,1,40,24.02239608792854,52329.88435060146,30.51194291059575,ASSIGNED_ABSORBED,52329.88435060146,0.0
2020-03-02,6.625751495361328,6.316079358777658,1,40,40.0,52369.88435060146,32.584196500410634,OTM,52369.88435060146,0.0
2020-03-09,5.998143196105957,6.22275439987908,1,40,22.031103698150147,52391.91545429961,32.54399261899951,ASSIGNED_ABSORBED,52391.91545429961,0.0
2020-03-16,5.124223232269287,5.6019301007576745,1,40,1.7834505209290086,52393.69890482054,34.0534515043385,ASSIGNED_ABSORBED,52393.69890482054,0.0
2020-03-23,6.294266223907471,4.720529361955281,1,40,40.0,52433.69890482054,37.72405214263965,OTM,52433.69890482054,0.0
2020-03-30,6.074601650238037,5.636901639966552,1,40,40.0,52473.69890482054,45.12470880332916,OTM,52473.69890482054,0.0
2020-04-06,6.548796653747559,5.437371406504336,1,40,40.0,52513.69890482054,45.25800143412852,OTM,52513.69890482054,0.0
2020-04-13,7.280259132385254,5.848176237697288,1,40,40.0,52553.69890482054,45.85907800494108,OTM,52553.69890482054,0.0
2020-04-20,7.21226692199707,6.472651568879338,1,40,40.0,52593.69890482054,46.99743775844523,OTM,52593.69890482054,0.0
2020-04-27,7.04266357421875,6.427016583600635,1,40,40.0,52633.69890482054,46.404942604423994,OTM,52633.69890482054,0.0
2020-05-04,7.782841682434082,6.276707415622023,1,40,40.0,52673.69890482054,46.37101950674146,OTM,52673.69890482054,0.0
2020-05-11,8.458518981933594,6.97221883341855,1,40,40.0,52713.69890482054,45.04293153011038,OTM,52713.69890482054,0.0
2020-05-18,8.991987228393555,7.558242202194597,1,40,40.0,52753.69890482054,45.70035403021845,OTM,52753.69890482054,0.0
2020-05-25,8.84180736541748,8.071216549078096,1,40,40.0,52793.69890482054,44.536393350138695,OTM,52793.69890482054,0.0
2020-06-01,8.8901948928833,7.935787941252145,1,40,40.0,52833.69890482054,44.55684832647546,OTM,52833.69890482054,0.0
2020-06-08,8.902652740478516,8.042940998199132,1,40,40.0,52873.69890482054,42.48931736527622,OTM,52873.69890482054,0.0
2020-06-15,9.230300903320312,8.213657580277612,1,40,40.0,52913.69890482054,37.32330026627416,OTM,52913.69890482054,0.0
2020-06-22,9.124408721923828,8.739864867784071,1,40,40.0,52953.69890482054,30.325977274046256,OTM,52953.69890482054,0.0
2020-06-29,9.580131530761719,8.661230096489694,1,40,40.0,52993.69890482054,29.642169894814515,OTM,52993.69890482054,0.0
2020-07-06,10.444232940673828,9.108293749896017,1,40,40.0,53033.69890482054,29.206362884682996,OTM,53033.69890482054,0.0
2020-07-13,10.167410850524902,9.959084342760923,1,40,40.0,53073.69890482054,28.398614572697117,OTM,53073.69890482054,0.0
2020-07-20,10.160435676574707,9.678773667743751,1,40,40.0,53113.69890482054,28.862380057355537,OTM,53113.69890482054,0.0
2020-07-27,10.579282760620117,9.691427696436541,1,40,40.0,53153.69890482054,28.31464417329028,OTM,53153.69890482054,0.0
2020-08-03,11.162075996398926,10.153307207779912,1,40,40.0,53193.69890482054,26.614221739693456,OTM,53193.69890482054,0.0
2020-08-10,11.525361061096191,10.750746657496517,1,40,40.0,53233.69890482054,25.629341875069144,OTM,53233.69890482054,0.0
2020-08-17,12.641119003295898,11.123009841952495,1,40,40.0,53273.69890482054,25.069605237894848,OTM,53273.69890482054,0.0
2020-08-24,13.103816032409668,12.150682704504323,1,40,40.0,53313.69890482054,26.190738555222904,OTM,53313.69890482054,0.0
2020-08-31,12.584086418151855,12.606211517794529,1,40,38.22999202858611,53351.92889684913,25.95338083446724,ASSIGNED_ABSORBED,53351.92889684913,0.0
2020-09-07,12.12747859954834,12.046911018150135,1,40,40.0,53391.92889684913,27.31277907202118,OTM,53391.92889684913,0.0
2020-09-14,12.152152061462402,11.561513616750764,1,40,40.0,53431.92889684913,28.461104870849276,OTM,53431.92889684913,0.0
2020-09-21,12.83457088470459,11.59447124511201,1,40,40.0,53471.92889684913,28.237140342050512,OTM,53471.92889684913,0.0
2020-09-28,13.022497177124023,12.241217601808293,1,40,40.0,53511.92889684913,28.335019644463834,OTM,53511.92889684913,0.0
2020-10-05,13.720865249633789,12.481478363993984,1,40,40.0,53551.92889684913,26.983391788528376,OTM,53551.92889684913,0.0
2020-10-12,13.7694673538208,13.173183312353029,1,40,40.0,53591.92889684913,26.513532253741452,OTM,53591.92889684913,0.0
2020-10-19,13.5488920211792,13.22313789541586,1,40,40.0,53631.92889684913,26.444561071006966,OTM,53631.92889684913,0.0
2020-10-26,12.495854377746582,12.991470086167059,1,40,0.3507433263618509,53632.27964017549,26.867027152407456,ASSIGNED_ABSORBED,53632.27964017549,0.0
2020-11-02,14.517685890197754,11.88963068563856,1,40,40.0,53672.27964017549,28.993572845657546,OTM,53672.27964017549,0.0
2020-11-09,13.256532669067383,13.569758949877976,1,40,14.941897535152577,53687.22153771064,33.833851149923696,ASSIGNED_ABSORBED,53687.22153771064,0.0
2020-11-16,13.047919273376465,12.362038385440684,1,40,40.0,53727.22153771064,34.46297775285389,OTM,53727.22153771064,0.0
2020-11-23,13.220890998840332,12.17361944621252,1,40,40.0,53767.22153771064,34.3277275306328,OTM,53767.22153771064,0.0
2020-11-30,13.520980834960938,12.351319623994232,1,40,40.0,53807.22153771064,33.97169671822171,OTM,53807.22153771064,0.0
2020-12-07,12.977479934692383,12.648684640342884,1,40,40.0,53847.22153771064,33.608760387887,OTM,53847.22153771064,0.0
2020-12-14,13.235518455505371,12.118690484963807,1,40,40.0,53887.22153771064,34.08789325142442,OTM,53887.22153771064,0.0
2020-12-21,12.958030700683594,12.381085958209601,1,40,40.0,53927.22153771064,33.620805468432316,OTM,53927.22153771064,0.0
2020-12-28,13.01911449432373,12.117566043173257,1,40,40.0,53967.22153771064,33.70863551949408,OTM,53967.22153771064,0.0
2021-01-04,13.240255355834961,12.201688933372882,1,40,40.0,54007.22153771064,33.110416189477036,OTM,54007.22153771064,0.0
2021-01-11,12.824151039123535,12.40577126815719,1,40,40.0,54047.22153771064,33.17955974908005,OTM,54047.22153771064,0.0
2021-01-18,13.674808502197266,12.00976884180492,1,40,40.0,54087.22153771064,33.3172937455233,OTM,54087.22153771064,0.0
2021-01-25,12.9540433883667,12.831873517558599,1,40,40.0,54127.22153771064,32.78011185170935,OTM,54127.22153771064,0.0
2021-02-01,13.553641319274902,12.422650831496808,1,40,40.0,54167.22153771064,26.83237112152908,OTM,54167.22153771064,0.0
2021-02-08,14.920125961303711,13.071191093207823,1,40,40.0,54207.22153771064,25.267345797149126,OTM,54207.22153771064,0.0
2021-02-15,14.885472297668457,14.250504578386032,1,40,40.0,54247.22153771064,27.945489803603955,OTM,54247.22153771064,0.0
2021-02-22,13.676798820495605,14.214582467806936,1,40,-3.0226917849064705,54244.19884592573,28.000206555122382,ASSIGNED_ABSORBED,54247.22153771064,-0.0055720674704150906
2021-03-01,12.427247047424316,12.96522631265661,1,40,-3.03834121858344,54241.16050470715,30.007085777290307,ASSIGNED_ABSORBED,54247.22153771064,-0.011172983300678707
2021-03-08,12.825087547302246,11.711270510824871,1,40,40.0,54281.16050470715,31.61825892661214,OTM,54281.16050470715,0.0
2021-03-15,12.814862251281738,12.079464432745569,1,40,40.0,54321.16050470715,31.769522152826227,OTM,54321.16050470715,0.0
2021-03-22,12.80837631225586,12.074151151401763,1,40,40.0,54361.16050470715,31.672340590507456,OTM,54361.16050470715,0.0
2021-03-29,13.778539657592773,12.06821994842914,1,40,40.0,54401.16050470715,31.668290540993294,OTM,54401.16050470715,0.0
2021-04-05,14.365374565124512,12.928433721107185,1,40,40.0,54441.16050470715,32.79637389590022,OTM,54441.16050470715,0.0
2021-04-12,15.874236106872559,13.483106335034647,1,40,40.0,54481.16050470715,32.7151710336864,OTM,54481.16050470715,0.0
2021-04-19,15.228545188903809,14.835176921355112,1,40,40.0,54521.16050470715,33.88030968622448,OTM,54521.16050470715,0.0
2021-04-26,14.973407745361328,14.247566875128639,1,40,40.0,54561.16050470715,33.58072490344918,OTM,54561.16050470715,0.0
2021-05-03,14.776631355285645,14.011431123162527,1,40,40.0,54601.16050470715,33.531284774288906,OTM,54601.16050470715,0.0
2021-05-10,14.20875072479248,13.92361919279479,1,40,40.0,54641.16050470715,31.65104321279584,OTM,54641.16050470715,0.0
2021-05-17,14.955699920654297,13.372841689769299,1,40,40.0,54681.16050470715,31.969333593224672,OTM,54681.16050470715,0.0
2021-05-24,16.20543670654297,14.13204440927228,1,40,40.0,54721.16050470715,30.88548684641676,OTM,54721.16050470715,0.0
2021-05-31,17.535982131958008,15.412282074726447,1,40,40.0,54761.16050470715,29.11753226363398,OTM,54761.16050470715,0.0
2021-06-07,17.78646469116211,16.62770604433154,1,40,40.0,54801.16050470715,29.939960506674637,OTM,54801.16050470715,0.0
2021-06-14,18.598190307617188,16.87539040548973,1,40,40.0,54841.16050470715,29.774943125738663,OTM,54841.16050470715,0.0
2021-06-21,18.98958969116211,17.658143697908216,1,40,40.0,54881.16050470715,29.57942389693088,OTM,54881.16050470715,0.0
2021-06-28,20.442424774169922,18.063927398591016,1,40,40.0,54921.16050470715,29.060431695085782,OTM,54921.16050470715,0.0
2021-07-05,20.006622314453125,19.40789940475923,1,40,40.0,54961.16050470715,29.597228289245486,OTM,54961.16050470715,0.0
2021-07-12,18.121482849121094,19.070329192761797,1,40,-35.90770749125625,54925.25279721589,28.498941724645036,ASSIGNED_ABSORBED,54961.16050470715,-0.06533287718366367
2021-07-19,19.515439987182617,17.124922135344015,1,40,40.0,54965.25279721589,30.862502125472687,OTM,54965.25279721589,0.0
2021-07-26,19.456575393676758,18.41184158957863,1,40,40.0,55005.25279721589,31.31151790661941,OTM,55005.25279721589,0.0
2021-08-02,20.321683883666992,18.366581392766374,1,40,40.0,55045.25279721589,31.159181893881527,OTM,55045.25279721589,0.0
2021-08-09,20.144073486328125,19.25396631566771,1,40,40.0,55085.25279721589,30.155084435613006,OTM,55085.25279721589,0.0
2021-08-16,20.770708084106445,19.070675005328887,1,40,40.0,55125.25279721589,30.370052198725844,OTM,55125.25279721589,0.0
2021-08-23,22.586746215820312,19.727227930619858,1,40,40.0,55165.25279721589,29.490873139578028,OTM,55165.25279721589,0.0
2021-08-30,22.797313690185547,21.43850637863519,1,40,40.0,55205.25279721589,29.663599864956552,OTM,55205.25279721589,0.0
2021-09-06,22.433046340942383,21.63624782457154,1,40,40.0,55245.25279721589,29.690441407452372,OTM,55245.25279721589,0.0
2021-09-13,21.856203079223633,21.278999288237024,1,40,40.0,55285.25279721589,29.838736601664692,OTM,55285.25279721589,0.0
2021-09-20,22.036836624145508,20.700928693866107,1,40,40.0,55325.25279721589,30.2465678271312,OTM,55325.25279721589,0.0
2021-09-27,20.700515747070312,20.958412406542926,1,40,19.368267242190882,55344.621064458086,29.11568776258155,ASSIGNED_ABSORBED,55344.621064458086,0.0
2021-10-04,20.789337158203125,19.619150400538853,1,40,40.0,55384.621064458086,30.067907493969997,OTM,55384.621064458086,0.0
2021-10-11,21.818275451660156,19.91311136636657,1,40,40.0,55424.621064458086,27.15729774281572,OTM,55424.621064458086,0.0
2021-10-18,22.680545806884766,20.968509758799602,1,40,40.0,55464.621064458086,26.23415563994371,OTM,55464.621064458086,0.0
2021-10-25,25.515869140625,21.782776635097377,1,40,40.0,55504.621064458086,26.417548095963994,OTM,55504.621064458086,0.0
2021-11-01,29.692495346069336,24.22486944485299,1,40,40.0,55544.621064458086,29.594104003467585,OTM,55544.621064458086,0.0
2021-11-08,30.3292179107666,27.784828592053085,1,40,40.0,55584.621064458086,33.531794564080855,OTM,55584.621064458086,0.0
2021-11-15,32.919029235839844,28.377340223642726,1,40,40.0,55624.621064458086,33.56320886365067,OTM,55624.621064458086,0.0
2021-11-22,31.43999671936035,30.805487886839835,1,40,40.0,55664.621064458086,33.5193351894745,OTM,55664.621064458086,0.0
2021-11-29,30.635366439819336,29.305856873204423,1,40,40.0,55704.621064458086,34.57952022199216,OTM,55704.621064458086,0.0
2021-12-06,30.141292572021484,28.53639510162463,1,40,40.0,55744.621064458086,34.76264602666173,OTM,55744.621064458086,0.0
2021-12-13,27.748798370361328,28.095305129733358,1,40,12.279459250237608,55756.900523708326,34.579552176134214,ASSIGNED_ABSORBED,55756.900523708326,0.0
2021-12-20,29.58434295654297,25.67587420281352,1,40,40.0,55796.900523708326,36.54769882713245,OTM,55796.900523708326,0.0
2021-12-27,29.355772018432617,27.488519948804996,1,40,40.0,55836.900523708326,35.43404466963209,OTM,55836.900523708326,0.0
2022-01-03,27.195837020874023,27.260972773137283,1,40,34.78913981893925,55871.689663527264,35.58308965193786,ASSIGNED_ABSORBED,55871.689663527264,0.0
2022-01-10,26.891407012939453,25.098101673166273,1,40,40.0,55911.689663527264,37.24897098098731,OTM,55911.689663527264,0.0
2022-01-17,23.330108642578125,24.809325291523773,1,40,-78.33733191565189,55833.35233161161,37.332940489602095,ASSIGNED_ABSORBED,55911.689663527264,-0.14010904050133582
2022-01-24,22.7971134185791,21.455152711797574,1,40,40.0,55873.35233161161,38.181202801008595,OTM,55911.689663527264,-0.06856765042581267
2022-01-31,24.273332595825195,21.419179397582365,1,40,40.0,55913.35233161161,32.43452927811829,OTM,55913.35233161161,0.0
2022-02-07,23.90402603149414,22.71215665829226,1,40,40.0,55953.35233161161,33.55171677172568,OTM,55953.35233161161,0.0
2022-02-14,23.597606658935547,22.569449661306958,1,40,40.0,55993.35233161161,31.10401035337804,OTM,55993.35233161161,0.0
2022-02-21,24.111637115478516,22.286779319358317,1,40,40.0,56033.35233161161,31.022828940022503,OTM,56033.35233161161,0.0
2022-02-28,22.896825790405273,22.738492655361792,1,40,40.0,56073.35233161161,31.426732820698913,OTM,56073.35233161161,0.0
2022-03-07,22.06226348876953,21.57593500703786,1,40,40.0,56113.35233161161,31.639998897016408,OTM,56113.35233161161,0.0
2022-03-14,26.40782356262207,20.848535348929513,1,40,40.0,56153.35233161161,30.868395533919127,OTM,56153.35233161161,0.0
2022-03-21,27.64470672607422,24.288247631869357,1,40,40.0,56193.35233161161,38.15144126117271,OTM,56193.35233161161,0.0
2022-03-28,26.666379928588867,25.38542975833561,1,40,40.0,56233.35233161161,38.5732331208945,OTM,56233.35233161161,0.0
2022-04-04,23.07952117919922,24.549142651611664,1,40,-77.56971779299562,56155.782613818614,37.90166894766515,ASSIGNED_ABSORBED,56233.35233161161,-0.13794254579660187
2022-04-11,21.221696853637695,21.034989096303704,1,40,40.0,56195.782613818614,40.5522294486934,OTM,56233.35233161161,-0.06681038251364929
2022-04-18,19.48167610168457,19.457855091145266,1,40,40.0,56235.782613818614,38.974037364994615,OTM,56235.782613818614,0.0
2022-04-25,18.515323638916016,17.806529098172856,1,40,40.0,56275.782613818614,39.80208944477452,OTM,56275.782613818614,0.0
2022-05-02,18.643102645874023,16.97349672684397,1,40,40.0,56315.782613818614,39.0196114214573,OTM,56315.782613818614,0.0
2022-05-09,17.675765991210938,17.08425932505237,1,40,40.0,56355.782613818614,39.11825812644302,OTM,56355.782613818614,0.0
2022-05-16,16.66549301147461,16.187857435720186,1,40,40.0,56395.782613818614,39.280613774547646,OTM,56395.782613818614,0.0
2022-05-23,18.778873443603516,15.27158899112279,1,40,40.0,56435.782613818614,39.12550250985554,OTM,56435.782613818614,0.0
2022-05-30,18.688030242919922,17.01053422234775,1,40,40.0,56475.782613818614,42.16174749800433,OTM,56475.782613818614,0.0
2022-06-06,16.94859504699707,16.9336508330002,1,40,40.0,56515.782613818614,42.078316277790776,OTM,56515.782613818614,0.0
2022-06-13,15.856231689453125,15.76024255030981,1,40,40.0,56555.782613818614,35.22428808169897,OTM,56555.782613818614,0.0
2022-06-20,17.100370407104492,14.815035926514135,1,40,40.0,56595.782613818614,33.94061481742567,OTM,56595.782613818614,0.0
2022-06-27,14.501263618469238,15.825735807770174,1,40,-65.95777514407487,56529.82483867454,36.50016775529511,ASSIGNED_ABSORBED,56595.782613818614,-0.11654185541374483
2022-07-04,15.814294815063477,13.387258608076955,1,40,40.0,56569.82483867454,37.15863274688701,OTM,56595.782613818614,-0.04586521105502989
2022-07-11,15.738409996032715,14.497506434695433,1,40,40.0,56609.82483867454,39.01750102612135,OTM,56609.82483867454,0.0
2022-07-18,17.29307746887207,14.462333845952926,1,40,40.0,56649.82483867454,38.387155331036126,OTM,56649.82483867454,0.0
2022-07-25,18.135818481445312,15.799027278025438,1,40,40.0,56689.82483867454,39.92037443727776,OTM,56689.82483867454,0.0
2022-08-01,18.96057891845703,16.546529224376503,1,40,40.0,56729.82483867454,40.27711187126526,OTM,56729.82483867454,0.0
2022-08-08,18.680997848510742,17.31541777672124,1,40,40.0,56769.82483867454,40.02756009060503,OTM,56769.82483867454,0.0
2022-08-15,17.822282791137695,17.09966941133618,1,40,40.0,56809.82483867454,39.41651483424047,OTM,56809.82483867454,0.0
2022-08-22,16.23566246032715,16.43317325759474,1,40,24.1991362185928,56834.023974893134,37.48199384611058,ASSIGNED_ABSORBED,56834.023974893134,0.0
2022-08-29,13.626575469970703,14.905043519968068,1,40,-62.27744399978917,56771.746530893346,38.639884503839596,ASSIGNED_ABSORBED,56834.023974893134,-0.10957774875715279
2022-09-05,14.369736671447754,12.397325883478961,1,40,40.0,56811.746530893346,41.020462289772425,OTM,56834.023974893134,-0.03919737235151537
2022-09-12,13.18216323852539,13.06618692268685,1,40,40.0,56851.746530893346,41.16618838180621,OTM,56851.746530893346,0.0
2022-09-19,12.500981330871582,12.005323219565579,1,40,40.0,56891.746530893346,40.750899633691816,OTM,56891.746530893346,0.0
2022-09-26,12.124433517456055,11.504160792369058,1,40,40.0,56931.746530893346,38.000354732988896,OTM,56931.746530893346,0.0
2022-10-03,12.061509132385254,11.23500902698125,1,40,40.0,56971.746530893346,36.15968949109768,OTM,56971.746530893346,0.0
2022-10-10,11.21352767944336,11.176784708189158,1,40,40.0,57011.746530893346,36.15767929921418,OTM,57011.746530893346,0.0
2022-10-17,12.451041221618652,10.492862850997263,1,40,40.0,57051.746530893346,33.53756687932729,OTM,57051.746530893346,0.0
2022-10-24,13.817398071289062,11.538809264294205,1,40,40.0,57091.746530893346,36.133005914649665,OTM,57091.746530893346,0.0
2022-10-31,14.139012336730957,12.697050330767372,1,40,40.0,57131.746530893346,38.387738872167134,OTM,57131.746530893346,0.0
2022-11-07,16.30740737915039,12.977224481457432,1,40,40.0,57171.746530893346,38.70115017167333,OTM,57171.746530893346,0.0
2022-11-14,15.390510559082031,14.750517793575872,1,40,40.0,57211.746530893346,42.538136997555114,OTM,57211.746530893346,0.0
2022-11-21,16.25047492980957,13.955589558991406,1,40,40.0,57251.746530893346,41.8928374907682,OTM,57251.746530893346,0.0
2022-11-28,16.860061645507812,14.961481599964014,1,40,40.0,57291.746530893346,37.87948660977962,OTM,57291.746530893346,0.0
2022-12-05,16.984941482543945,15.532341047614802,1,40,40.0,57331.746530893346,37.71481467076816,OTM,57331.746530893346,0.0
2022-12-12,16.555349349975586,15.753155868854606,1,40,40.0,57371.746530893346,35.91860579019479,OTM,57371.746530893346,0.0
2022-12-19,15.191637992858887,15.389862633976547,1,40,24.142028710587198,57395.88855960393,35.306292674701524,ASSIGNED_ABSORBED,57395.88855960393,0.0
2022-12-26,14.600197792053223,14.0431368990479,1,40,40.0,57435.88855960393,36.806625911483884,OTM,57435.88855960393,0.0
2023-01-02,14.844965934753418,13.471706968064694,1,40,40.0,57475.88855960393,37.29466525170437,OTM,57475.88855960393,0.0
2023-01-09,16.883039474487305,13.774797305043604,1,40,40.0,57515.88855960393,35.79383885295988,OTM,57515.88855960393,0.0
2023-01-16,17.82215690612793,15.611683399302544,1,40,40.0,57555.88855960393,36.72092069264326,OTM,57555.88855960393,0.0
2023-01-23,20.34576416015625,16.547849144401262,1,40,40.0,57595.88855960393,35.62413432819669,OTM,57595.88855960393,0.0
2023-01-30,21.0800724029541,18.734691003458725,1,40,40.0,57635.88855960393,37.84035862903447,OTM,57635.88855960393,0.0
2023-02-06,21.24491310119629,19.610254886033218,1,40,40.0,57675.88855960393,35.11189457619035,OTM,57675.88855960393,0.0
2023-02-13,21.367799758911133,19.85636092084796,1,40,40.0,57715.88855960393,33.85249823731711,OTM,57715.88855960393,0.0
2023-02-20,23.264007568359375,19.976887230170306,1,40,40.0,57755.88855960393,33.77593949267107,OTM,57755.88855960393,0.0
2023-02-27,23.86743927001953,21.690802778715874,1,40,40.0,57795.88855960393,34.50573827556644,OTM,57795.88855960393,0.0
2023-03-06,22.947208404541016,22.261361657975243,1,40,40.0,57835.88855960393,34.40985831647018,OTM,57835.88855960393,0.0
2023-03-13,25.70507049560547,21.377717400828214,1,40,40.0,57875.88855960393,34.72834408614554,OTM,57875.88855960393,0.0
2023-03-20,26.758251190185547,24.08515140335621,1,40,40.0,57915.88855960393,33.17758515840309,OTM,57915.88855960393,0.0
2023-03-27,27.75547981262207,25.230000039949402,1,40,40.0,57955.88855960393,31.473985074134546,OTM,57955.88855960393,0.0
2023-04-03,27.01605224609375,26.194946238389736,1,40,40.0,57995.88855960393,31.217579683617004,OTM,57995.88855960393,0.0
2023-04-10,26.737266540527344,25.549994211703815,1,40,40.0,58035.88855960393,30.652760418578616,OTM,58035.88855960393,0.0
2023-04-17,27.097984313964844,25.240295352985772,1,40,40.0,58075.88855960393,31.149463495506303,OTM,58075.88855960393,0.0
2023-04-24,27.72749900817871,25.875086535659683,1,40,40.0,58115.88855960393,28.017117711026145,OTM,58115.88855960393,0.0
2023-05-01,28.657779693603516,26.479884386806614,1,40,40.0,58155.88855960393,27.97870677207151,OTM,58155.88855960393,0.0
2023-05-08,28.318042755126953,27.374848003277336,1,40,40.0,58195.88855960393,27.9128663611611,OTM,58195.88855960393,0.0
2023-05-15,31.23978042602539,27.02179552568147,1,40,40.0,58235.88855960393,28.2034149163721,OTM,58235.88855960393,0.0
2023-05-22,38.91582107543945,29.747827574462665,1,40,40.0,58275.88855960393,28.7755449840555,OTM,58275.88855960393,0.0
2023-05-29,39.296531677246094,35.82484880933258,1,40,40.0,58315.88855960393,37.91028931370861,OTM,58315.88855960393,0.0
2023-06-05,38.74397277832031,36.309944945635465,1,40,40.0,58355.88855960393,36.92212114368901,OTM,58355.88855960393,0.0
2023-06-12,42.66333770751953,35.86507484140753,1,40,40.0,58395.88855960393,36.43304030850408,OTM,58395.88855960393,0.0
2023-06-19,42.180660247802734,39.39564593599016,1,40,40.0,58435.88855960393,37.09265541375461,OTM,58435.88855960393,0.0
2023-06-26,42.27359390258789,38.88482609651364,1,40,40.0,58475.88855960393,37.53790994846685,OTM,58475.88855960393,0.0
2023-07-03,42.47447204589844,39.04426063229475,1,40,40.0,58515.88855960393,37.03460953603178,OTM,58515.88855960393,0.0
2023-07-10,45.4384765625,39.263339763700934,1,40,40.0,58555.88855960393,36.806796483778925,OTM,58555.88855960393,0.0
2023-07-17,44.27925109863281,42.01053041501906,1,40,40.0,58595.88855960393,36.760651393796174,OTM,58595.88855960393,0.0
2023-07-24,46.71861267089844,40.82256420825126,1,40,40.0,58635.88855960393,37.51756570811504,OTM,58635.88855960393,0.0
2023-07-31,44.65000534057617,43.07015816534575,1,40,40.0,58675.88855960393,37.525822654253645,OTM,58675.88855960393,0.0
2023-08-07,40.82756805419922,41.045768746318025,1,40,22.543944630495503,58698.43250423443,38.28377746050012,ASSIGNED_ABSORBED,58698.43250423443,0.0
2023-08-14,43.269927978515625,37.32383038527336,1,40,40.0,58738.43250423443,39.7536778175305,OTM,58738.43250423443,0.0
2023-08-21,45.98711013793945,40.977728506901265,1,40,40.0,58778.43250423443,30.280159897840527,OTM,58778.43250423443,0.0
2023-08-28,48.47643280029297,43.45283436770657,1,40,40.0,58818.43250423443,30.895691133159062,OTM,58818.43250423443,0.0
2023-09-04,45.54515838623047,45.79070298441263,1,40,20.35643214542688,58838.78893637985,30.9806091394423,ASSIGNED_ABSORBED,58838.78893637985,0.0
2023-09-11,43.87413787841797,43.10570883203942,1,40,40.0,58878.78893637985,30.449388278693945,OTM,58878.78893637985,0.0
2023-09-18,41.585487365722656,41.468671558604825,1,40,40.0,58918.78893637985,30.814386473456906,OTM,58918.78893637985,0.0
2023-09-25,43.4733772277832,39.205056291593856,1,40,40.0,58958.78893637985,31.511079877454886,OTM,58958.78893637985,0.0
2023-10-02,45.73504638671875,40.920484868255485,1,40,40.0,58998.78893637985,31.938337695346853,OTM,58998.78893637985,0.0
2023-10-09,45.4342155456543,43.123441007491714,1,40,40.0,59038.78893637985,31.471004798307323,OTM,59038.78893637985,0.0
2023-10-16,41.36261749267578,42.865774279536055,1,40,-80.25254294882188,58958.53639343103,31.30603116490735,ASSIGNED_ABSORBED,59038.78893637985,-0.13593189222648744
2023-10-23,40.476139068603516,38.88547873877169,1,40,40.0,58998.53639343103,32.2744402265581,OTM,59038.78893637985,-0.06817982494898286
2023-10-30,44.97848892211914,38.08796900217257,1,40,40.0,59038.53639343103,32.018756881827464,OTM,59038.78893637985,-0.00042775767147830153
2023-11-06,48.30652618408203,42.17678149975618,1,40,40.0,59078.53639343103,32.96716610496884,OTM,59078.53639343103,0.0
2023-11-13,49.26896286010742,45.24164454359692,1,40,40.0,59118.53639343103,33.30077843459364,OTM,59118.53639343103,0.0
2023-11-20,47.747859954833984,46.24171013798927,1,40,40.0,59158.53639343103,32.722987097376276,OTM,59158.53639343103,0.0
2023-11-27,46.737449645996094,44.86062328289829,1,40,40.0,59198.53639343103,32.44175320093731,OTM,59198.53639343103,0.0
2023-12-04,47.4821891784668,44.03224206091617,1,40,40.0,59238.53639343103,31.69541617295391,OTM,59238.53639343103,0.0
2023-12-11,48.86549377441406,44.79837258462859,1,40,40.0,59278.53639343103,31.3036094341044,OTM,59278.53639343103,0.0
2023-12-18,48.8055305480957,46.25430661164388,1,40,40.0,59318.53639343103,30.41336182732826,OTM,59318.53639343103,0.0
2023-12-25,49.4971809387207,46.23339608895263,1,40,40.0,59358.53639343103,30.201494708783635,OTM,59358.53639343103,0.0
2024-01-01,49.072391510009766,46.966446565266274,1,40,40.0,59398.53639343103,29.74781775449535,OTM,59398.53639343103,0.0
2024-01-08,54.68257522583008,46.56070380280487,1,40,40.0,59438.53639343103,29.76352553868516,OTM,59438.53639343103,0.0
2024-01-15,59.461185455322266,51.95938943878041,1,40,40.0,59478.53639343103,29.36448220995178,OTM,59478.53639343103,0.0
2024-01-22,61.00041198730469,56.45519411785444,1,40,40.0,59518.53639343103,29.581957379890376,OTM,59518.53639343103,0.0
2024-01-29,66.12684631347656,58.300248327232616,1,40,40.0,59558.53639343103,27.76788560780283,OTM,59558.53639343103,0.0
2024-02-05,72.09687042236328,63.12961775443382,1,40,40.0,59598.53639343103,28.073856512296757,OTM,59598.53639343103,0.0
2024-02-12,72.57659912109375,68.58618527781498,1,40,40.0,59638.53639343103,29.04549764950943,OTM,59638.53639343103,0.0
2024-02-19,78.77751159667969,69.28994417076073,1,40,40.0,59678.53639343103,28.06228519020155,OTM,59678.53639343103,0.0
2024-02-26,82.23775482177734,75.35996704896284,1,40,40.0,59718.53639343103,27.513349917485645,OTM,59718.53639343103,0.0
2024-03-04,87.48824310302734,78.75071096370365,1,40,40.0,59758.53639343103,27.230601827419637,OTM,59758.53639343103,0.0
2024-03-11,87.7970962524414,83.7953825035191,1,40,40.0,59798.53639343103,27.17516573420086,OTM,59798.53639343103,0.0
2024-03-18,94.24616241455078,84.13605231758963,1,40,40.0,59838.53639343103,27.027807016196117,OTM,59838.53639343103,0.0
2024-03-25,90.31494903564453,90.43449804458474,1,40,30.43607928478309,59868.97247271581,26.665749334447067,ASSIGNED_ABSORBED,59868.97247271581,0.0
2024-04-01,87.96802520751953,86.16117844455613,1,40,40.0,59908.97247271581,28.266138562972813,OTM,59908.97247271581,0.0
2024-04-08,88.14594268798828,83.84792032478344,1,40,40.0,59948.97247271581,28.50968093686358,OTM,59948.97247271581,0.0
2024-04-15,76.16539001464844,84.11904617029316,1,40,-596.2924924515778,59352.679980264234,28.177402324171354,ASSIGNED_ABSORBED,59948.97247271581,-0.9946667438261136
2024-04-22,87.69515991210938,71.04713027325526,1,40,40.0,59392.679980264234,34.38323738400024,OTM,59948.97247271581,-0.9279433316471895
2024-04-29,88.74866485595703,81.09298424470475,1,40,40.0,59432.679980264234,36.71566405471462,OTM,59948.97247271581,-0.8612199194682651
2024-05-06,89.83717346191406,82.30630172882708,1,40,40.0,59472.679980264234,35.93847440091733,OTM,59948.97247271581,-0.7944965072893408
2024-05-13,92.43699645996094,83.32252825334142,1,40,40.0,59512.679980264234,35.91685340115689,OTM,59948.97247271581,-0.7277730951104167
2024-05-20,106.4206314086914,85.99551555977334,1,40,40.0,59552.679980264234,35.10025471618023,OTM,59948.97247271581,-0.6610496829314925
2024-05-27,109.58319854736328,97.92805549498685,1,40,40.0,59592.679980264234,38.01840724852639,OTM,59948.97247271581,-0.5943262707525682
2024-06-03,120.83308410644531,100.9394191941845,1,40,40.0,59632.679980264234,37.752093448495486,OTM,59948.97247271581,-0.527602858573644
2024-06-10,131.83091735839844,110.93332870384509,1,40,40.0,59672.679980264234,38.63198852869323,OTM,59948.97247271581,-0.46087944639471967
2024-06-17,126.52289581298828,120.89862730168305,1,40,40.0,59712.679980264234,38.91968933998855,OTM,59948.97247271581,-0.3941560342157955
2024-06-24,123.4940185546875,116.04536056221352,1,40,40.0,59752.679980264234,38.88645333757644,OTM,59948.97247271581,-0.32743262203687123
2024-07-01,125.78317260742188,113.28303678288384,1,40,40.0,59792.679980264234,38.84971760216075,OTM,59948.97247271581,-0.260709209857947
2024-07-08,129.19189453125,115.43367673864498,1,40,40.0,59832.679980264234,38.73331011234234,OTM,59948.97247271581,-0.19398579767902274
2024-07-15,117.8861083984375,121.04784217276325,1,40,-212.9387019460603,59619.74127831817,33.18305922372531,ASSIGNED_ABSORBED,59948.97247271581,-0.5491857171488288
2024-07-22,113.01791381835938,110.26079601390099,1,40,40.0,59659.74127831817,33.65763840533488,OTM,59948.97247271581,-0.4824623049699046
2024-07-29,107.23007202148438,105.38247078736384,1,40,40.0,59699.74127831817,34.487163002059546,OTM,59948.97247271581,-0.41573889279098036
2024-08-05,104.71102142333984,99.6350664704303,1,40,40.0,59739.74127831817,35.43022554066546,OTM,59948.97247271581,-0.3490154806120561
2024-08-12,124.53363800048828,97.20912063984062,1,40,40.0,59779.74127831817,35.66524617613625,OTM,59948.97247271581,-0.2822920684331319
2024-08-19,129.32183837890625,114.71878796406658,1,40,40.0,59819.74127831817,37.73309967362829,OTM,59948.97247271581,-0.21556865625420768
2024-08-26,119.32557678222656,119.10641467706049,1,40,40.0,59859.74127831817,37.784850212029035,OTM,59948.97247271581,-0.14884524407528343
2024-09-02,102.79173278808594,109.98834263077963,1,40,-535.7287874154953,59324.01249090268,37.570769762460486,ASSIGNED_ABSORBED,59948.97247271581,-1.0424865615462648
2024-09-09,119.06585693359375,94.32557541370532,1,40,40.0,59364.01249090268,38.756902382340144,OTM,59948.97247271581,-0.9757631493673407
2024-09-16,115.96674346923828,107.61540013369448,1,40,40.0,59404.01249090268,42.73941089932977,OTM,59948.97247271581,-0.9090397371884165
2024-09-23,121.36520385742188,104.80884619967986,1,40,40.0,59444.01249090268,42.75303989970135,OTM,59948.97247271581,-0.8423163250094922
2024-09-30,124.88418579101562,109.58388728820535,1,40,40.0,59484.01249090268,43.00021069148381,OTM,59948.97247271581,-0.775592912830568
2024-10-07,134.76136779785156,112.75533770720376,1,40,40.0,59524.01249090268,43.01391282747534,OTM,59948.97247271581,-0.7088695006516437
2024-10-14,137.96043395996094,121.93872088003336,1,40,40.0,59564.01249090268,42.445676282369035,OTM,59948.97247271581,-0.6421460884727195
2024-10-21,141.49942016601562,125.06451248247453,1,40,40.0,59604.01249090268,41.96245861037461,OTM,59948.97247271581,-0.5754226762937952
2024-10-28,132.72193908691406,128.6660792372774,1,40,40.0,59644.01249090268,41.16054183107642,OTM,59948.97247271581,-0.508699264114871
