Date,NVDA_Price,Strike,Contracts,Allocation,Premium,Hedge_Cost,PnL,Capital,VIX,Status,Peak,Drawdown_%
2019-01-07,3.6899993419647217,3.163455935133436,1,10%,40,0,40.0,50040.0,33.208531116776825,OTM,50040.0,0.0
2019-01-14,3.8908252716064453,3.457061773248533,1,10%,40,0,40.0,50080.0,33.208531116776825,OTM,50080.0,0.0
2019-01-21,3.970658540725708,3.6452102199287006,1,10%,40,0,40.0,50120.0,33.208531116776825,OTM,50120.0,0.0
2019-01-28,3.588346004486084,3.7200038763304706,1,10%,40,30,-3.16578718443866,50116.834212815564,33.208531116776825,ASSIGNED,50120.0,-0.00631641497293763
2019-02-04,3.673635482788086,3.3618254779126597,1,10%,40,0,40.0,50156.834212815564,33.208531116776825,OTM,50156.834212815564,0.0
2019-02-11,3.9009902477264404,3.4417309108879324,1,10%,40,0,40.0,50196.834212815564,33.208531116776825,OTM,50196.834212815564,0.0
2019-02-18,3.9468576908111572,3.654733514410295,1,10%,40,0,40.0,50236.834212815564,33.208531116776825,OTM,50236.834212815564,0.0
2019-02-25,3.8829216957092285,3.6977054960910287,1,10%,40,30,10.0,50246.834212815564,33.208531116776825,OTM,50246.834212815564,0.0
2019-03-04,3.7387237548828125,3.6378055708829673,1,10%,40,0,40.0,50286.834212815564,33.208531116776825,OTM,50286.834212815564,0.0
2019-03-11,4.214503288269043,3.502710373617503,1,10%,40,0,40.0,50326.834212815564,33.208531116776825,OTM,50326.834212815564,0.0
2019-03-18,4.405361652374268,3.9484555038829727,1,10%,40,0,40.0,50366.834212815564,33.208531116776825,OTM,50366.834212815564,0.0
2019-03-25,4.456488609313965,4.127265604781693,1,10%,40,30,10.0,50376.834212815564,33.208531116776825,OTM,50376.834212815564,0.0
2019-04-01,4.739175319671631,4.193395806979914,1,10%,40,0,40.0,50416.834212815564,32.02855628601212,OTM,50416.834212815564,0.0
2019-04-08,4.715845584869385,4.471304854838463,1,10%,40,0,40.0,50456.834212815564,31.30360779656122,OTM,50456.834212815564,0.0
2019-04-15,4.623766899108887,4.45141654674039,1,10%,40,0,40.0,50496.834212815564,31.17376885714325,OTM,50496.834212815564,0.0
2019-04-22,4.420003890991211,4.359913874236086,1,10%,40,30,10.0,50506.834212815564,31.459923367650816,OTM,50506.834212815564,0.0
2019-04-29,4.542112350463867,4.201929928762405,1,10%,40,0,40.0,50546.834212815564,29.231242723783815,OTM,50546.834212815564,0.0
2019-05-06,4.189932346343994,4.317789801789298,1,10%,40,0,27.214254455469575,50574.04846727103,29.245467995195177,ASSIGNED,50574.04846727103,0.0
2019-05-13,3.8849072456359863,3.961601449632129,1,10%,40,0,32.330579600385754,50606.379046871414,30.71879806767099,ASSIGNED,50606.379046871414,0.0
2019-05-20,3.6024677753448486,3.6551721171569675,1,10%,40,30,4.72956581878811,50611.1086126902,32.05722650520184,ASSIGNED,50611.1086126902,0.0
2019-05-27,3.365809917449951,3.376571796213016,1,10%,40,0,38.9238121236935,50650.03242481389,33.08714662221785,ASSIGNED,50650.03242481389,0.0
2019-06-03,3.615276336669922,3.1484696856553476,1,10%,40,0,40.0,50690.03242481389,33.62568283238949,OTM,50690.03242481389,0.0
2019-06-10,3.5939080715179443,3.413681175184054,1,10%,40,0,40.0,50730.03242481389,31.084229783491708,OTM,50730.03242481389,0.0
2019-06-17,3.770820140838623,3.403687950420536,1,10%,40,30,10.0,50740.03242481389,30.266910262442998,OTM,50740.03242481389,0.0
2019-06-24,4.080666542053223,3.5607012086692715,1,10%,40,0,40.0,50780.03242481389,31.07278110514916,OTM,50780.03242481389,0.0
2019-07-01,3.981276750564575,3.842985233303757,1,10%,40,0,40.0,50820.03242481389,31.800630722144582,OTM,50820.03242481389,0.0
2019-07-08,4.164648532867432,3.7490231007056476,1,10%,40,0,40.0,50860.03242481389,31.82681201926036,OTM,50860.03242481389,0.0
2019-07-15,4.185272693634033,3.912102346129335,1,10%,40,30,10.0,50870.03242481389,32.49138192134873,OTM,50870.03242481389,0.0
2019-07-22,4.350009918212891,3.936010524876572,1,10%,40,0,40.0,50910.03242481389,32.178857317572344,OTM,50910.03242481389,0.0
2019-07-29,4.005129814147949,4.088153476327666,1,10%,40,0,31.697633782028287,50941.730058595924,32.36339632835799,ASSIGNED,50941.730058595924,0.0
2019-08-05,3.8309502601623535,3.7632284274452164,1,10%,40,0,40.0,50981.730058595924,32.4214149120776,OTM,50981.730058595924,0.0
2019-08-12,3.9646294116973877,3.609463817602931,1,10%,40,30,10.0,50991.730058595924,31.676399769998866,OTM,50991.730058595924,0.0
2019-08-19,4.036188125610352,3.7519461769453657,1,10%,40,0,40.0,51031.730058595924,30.47363405149435,OTM,51031.730058595924,0.0
2019-08-26,4.166284561157227,3.84178807122497,1,10%,40,0,40.0,51071.730058595924,28.892699591320202,OTM,51071.730058595924,0.0
2019-09-02,4.443357944488525,3.978764553657133,1,10%,40,0,40.0,51111.730058595924,27.982560212434095,OTM,51111.730058595924,0.0
2019-09-09,4.525185585021973,4.234184423617724,1,10%,40,30,10.0,51121.730058595924,28.578664863666773,OTM,51121.730058595924,0.0
2019-09-16,4.295120716094971,4.316579463678272,1,10%,40,0,37.8541252416699,51159.58418383759,28.296958593166288,ASSIGNED,51159.58418383759,0.0
2019-09-23,4.2719902992248535,4.102736114572213,1,10%,40,0,40.0,51199.58418383759,27.91982398167682,OTM,51199.58418383759,0.0
2019-09-30,4.5259318351745605,4.084105859942516,1,10%,40,0,40.0,51239.58418383759,27.685927303106222,OTM,51239.58418383759,0.0
2019-10-07,4.625916481018066,4.321272436295302,1,10%,40,30,10.0,51249.58418383759,28.043235886672953,OTM,51249.58418383759,0.0
2019-10-14,4.737839698791504,4.415955761511068,1,10%,40,0,40.0,51289.58418383759,28.0918773500933,OTM,51289.58418383759,0.0
2019-10-21,5.087289810180664,4.5261463835140345,1,10%,40,0,40.0,51329.58418383759,27.888086578371478,OTM,51329.58418383759,0.0
2019-10-28,5.038788318634033,4.889107404784197,1,10%,40,0,40.0,51369.58418383759,26.236738636305464,OTM,51369.58418383759,0.0
2019-11-04,5.167874336242676,4.863033425685474,1,10%,40,30,10.0,51379.58418383759,25.061042272345396,OTM,51379.58418383759,0.0
2019-11-11,5.078584671020508,4.98849246782589,1,10%,40,0,40.0,51419.58418383759,25.012171076675124,OTM,51419.58418383759,0.0
2019-11-18,5.245225429534912,4.892686823615594,1,10%,40,0,40.0,51459.58418383759,25.558283683113046,OTM,51459.58418383759,0.0
2019-11-25,5.394702434539795,5.0531329298216825,1,10%,40,0,40.0,51499.58418383759,25.563501861303394,OTM,51499.58418383759,0.0
2019-12-02,5.280956745147705,5.212548047102083,1,20%,40,0,40.0,51539.58418383759,24.739435928883484,OTM,51539.58418383759,0.0
2019-12-09,5.575158596038818,5.093602650426588,1,10%,40,0,40.0,51579.58418383759,25.23321837742082,OTM,51579.58418383759,0.0
2019-12-16,5.957968711853027,5.402617878673852,1,20%,40,0,40.0,51619.58418383759,23.926804758619525,OTM,51619.58418383759,0.0
2019-12-23,5.895742893218994,5.7657756821465265,1,20%,40,0,40.0,51659.58418383759,24.304672205007808,OTM,51659.58418383759,0.0
2019-12-30,5.87583065032959,5.704211684007327,1,20%,40,0,40.0,51699.58418383759,24.370498112576136,OTM,51699.58418383759,0.0
2020-01-06,6.081175804138184,5.679849887316988,1,20%,40,0,40.0,51739.58418383759,24.620681494717452,OTM,51739.58418383759,0.0
2020-01-13,6.204629421234131,5.876837607231848,1,20%,40,0,40.0,51779.58418383759,24.69222887429494,OTM,51779.58418383759,0.0
2020-01-20,6.234499454498291,6.022722854198576,1,20%,40,0,40.0,51819.58418383759,23.456568929589565,OTM,51819.58418383759,0.0
2020-01-27,5.884791851043701,6.057359258000677,1,20%,40,0,22.74325930430244,51842.3274431419,23.19553282285833,ASSIGNED,51842.3274431419,0.0
2020-02-03,6.262128829956055,5.676364309909528,1,10%,40,0,40.0,51882.3274431419,25.216112390039562,OTM,51882.3274431419,0.0
2020-02-10,7.2129340171813965,6.029389195915292,1,10%,40,0,40.0,51922.3274431419,25.7203758613517,OTM,51922.3274431419,0.0
2020-02-17,7.319464683532715,6.826034535257173,1,10%,40,0,40.0,51962.3274431419,30.472049706323098,OTM,51962.3274431419,0.0
2020-02-24,6.726118564605713,6.925838613506606,1,10%,40,30,-9.972004890089323,51952.355438251805,30.51194291059575,ASSIGNED,51962.3274431419,-0.019190835708820384
2020-03-02,6.625751495361328,6.316079358777658,1,10%,40,0,40.0,51992.355438251805,32.584196500410634,OTM,51992.355438251805,0.0
2020-03-09,5.998143196105957,6.22275439987908,1,10%,40,0,17.538879622687684,52009.894317874496,32.54399261899951,ASSIGNED,52009.894317874496,0.0
2020-03-16,5.124223232269287,5.6019301007576745,1,10%,40,0,-7.770686848838736,52002.12363102566,34.0534515043385,ASSIGNED,52009.894317874496,-0.01494078569232534
2020-03-23,6.294266223907471,4.720529361955281,1,10%,40,30,10.0,52012.12363102566,37.72405214263965,OTM,52012.12363102566,0.0
2020-03-30,6.074601650238037,5.636901639966552,1,10%,40,0,40.0,52052.12363102566,45.12470880332916,OTM,52052.12363102566,0.0
2020-04-06,6.548796653747559,5.437371406504336,1,10%,40,0,40.0,52092.12363102566,45.25800143412852,OTM,52092.12363102566,0.0
2020-04-13,7.280259132385254,5.848176237697288,1,10%,40,0,40.0,52132.12363102566,45.85907800494108,OTM,52132.12363102566,0.0
2020-04-20,7.21226692199707,6.472651568879338,1,10%,40,30,10.0,52142.12363102566,46.99743775844523,OTM,52142.12363102566,0.0
2020-04-27,7.04266357421875,6.427016583600635,1,10%,40,0,40.0,52182.12363102566,46.404942604423994,OTM,52182.12363102566,0.0
2020-05-04,7.782841682434082,6.276707415622023,1,10%,40,0,40.0,52222.12363102566,46.37101950674146,OTM,52222.12363102566,0.0
2020-05-11,8.458518981933594,6.97221883341855,1,10%,40,0,40.0,52262.12363102566,45.04293153011038,OTM,52262.12363102566,0.0
2020-05-18,8.991987228393555,7.558242202194597,1,10%,40,30,10.0,52272.12363102566,45.70035403021845,OTM,52272.12363102566,0.0
2020-05-25,8.84180736541748,8.071216549078096,1,10%,40,0,40.0,52312.12363102566,44.536393350138695,OTM,52312.12363102566,0.0
2020-06-01,8.8901948928833,7.935787941252145,1,10%,40,0,40.0,52352.12363102566,44.55684832647546,OTM,52352.12363102566,0.0
2020-06-08,8.902652740478516,8.042940998199132,1,10%,40,0,40.0,52392.12363102566,42.48931736527622,OTM,52392.12363102566,0.0
2020-06-15,9.230300903320312,8.213657580277612,1,10%,40,30,10.0,52402.12363102566,37.32330026627416,OTM,52402.12363102566,0.0
2020-06-22,9.124408721923828,8.739864867784071,1,10%,40,0,40.0,52442.12363102566,30.325977274046256,OTM,52442.12363102566,0.0
2020-06-29,9.580131530761719,8.661230096489694,1,10%,40,0,40.0,52482.12363102566,29.642169894814515,OTM,52482.12363102566,0.0
2020-07-06,10.444232940673828,9.108293749896017,1,10%,40,0,40.0,52522.12363102566,29.206362884682996,OTM,52522.12363102566,0.0
2020-07-13,10.167410850524902,9.959084342760923,1,10%,40,30,10.0,52532.12363102566,28.398614572697117,OTM,52532.12363102566,0.0
2020-07-20,10.160435676574707,9.678773667743751,1,10%,40,0,40.0,52572.12363102566,28.862380057355537,OTM,52572.12363102566,0.0
2020-07-27,10.579282760620117,9.691427696436541,1,10%,40,0,40.0,52612.12363102566,28.31464417329028,OTM,52612.12363102566,0.0
2020-08-03,11.162075996398926,10.153307207779912,1,10%,40,0,40.0,52652.12363102566,26.614221739693456,OTM,52652.12363102566,0.0
2020-08-10,11.525361061096191,10.750746657496517,1,10%,40,30,10.0,52662.12363102566,25.629341875069144,OTM,52662.12363102566,0.0
2020-08-17,12.641119003295898,11.123009841952495,1,10%,40,0,40.0,52702.12363102566,25.069605237894848,OTM,52702.12363102566,0.0
2020-08-24,13.103816032409668,12.150682704504323,1,10%,40,0,40.0,52742.12363102566,26.190738555222904,OTM,52742.12363102566,0.0
2020-08-31,12.584086418151855,12.606211517794529,1,10%,40,0,37.78749003573264,52779.91112106139,25.95338083446724,ASSIGNED,52779.91112106139,0.0
2020-09-07,12.12747859954834,12.046911018150135,1,10%,40,30,10.0,52789.91112106139,27.31277907202118,OTM,52789.91112106139,0.0
2020-09-14,12.152152061462402,11.561513616750764,1,10%,40,0,40.0,52829.91112106139,28.461104870849276,OTM,52829.91112106139,0.0
2020-09-21,12.83457088470459,11.59447124511201,1,10%,40,0,40.0,52869.91112106139,28.237140342050512,OTM,52869.91112106139,0.0
2020-09-28,13.022497177124023,12.241217601808293,1,10%,40,0,40.0,52909.91112106139,28.335019644463834,OTM,52909.91112106139,0.0
2020-10-05,13.720865249633789,12.481478363993984,1,10%,40,30,10.0,52919.91112106139,26.983391788528376,OTM,52919.91112106139,0.0
2020-10-12,13.7694673538208,13.173183312353029,1,10%,40,0,40.0,52959.91112106139,26.513532253741452,OTM,52959.91112106139,0.0
2020-10-19,13.5488920211792,13.22313789541586,1,10%,40,0,40.0,52999.91112106139,26.444561071006966,OTM,52999.91112106139,0.0
2020-10-26,12.495854377746582,12.991470086167059,1,10%,40,0,-9.561570842047686,52990.34955021935,26.867027152407456,ASSIGNED,52999.91112106139,-0.018040729955573407
2020-11-02,14.517685890197754,11.88963068563856,1,10%,40,30,10.0,53000.34955021935,28.993572845657546,OTM,53000.34955021935,0.0
2020-11-09,13.256532669067383,13.569758949877976,1,10%,40,0,8.677371918940722,53009.02692213829,33.833851149923696,ASSIGNED,53009.02692213829,0.0
2020-11-16,13.047919273376465,12.362038385440684,1,10%,40,0,40.0,53049.02692213829,34.46297775285389,OTM,53049.02692213829,0.0
2020-11-23,13.220890998840332,12.17361944621252,1,10%,40,0,40.0,53089.02692213829,34.3277275306328,OTM,53089.02692213829,0.0
2020-11-30,13.520980834960938,12.351319623994232,1,10%,40,30,10.0,53099.02692213829,33.97169671822171,OTM,53099.02692213829,0.0
2020-12-07,12.977479934692383,12.648684640342884,1,10%,40,0,40.0,53139.02692213829,33.608760387887,OTM,53139.02692213829,0.0
2020-12-14,13.235518455505371,12.118690484963807,1,10%,40,0,40.0,53179.02692213829,34.08789325142442,OTM,53179.02692213829,0.0
2020-12-21,12.958030700683594,12.381085958209601,1,10%,40,0,40.0,53219.02692213829,33.620805468432316,OTM,53219.02692213829,0.0
2020-12-28,13.01911449432373,12.117566043173257,1,10%,40,30,10.0,53229.02692213829,33.70863551949408,OTM,53229.02692213829,0.0
2021-01-04,13.240255355834961,12.201688933372882,1,10%,40,0,40.0,53269.02692213829,33.110416189477036,OTM,53269.02692213829,0.0
2021-01-11,12.824151039123535,12.40577126815719,1,10%,40,0,40.0,53309.02692213829,33.17955974908005,OTM,53309.02692213829,0.0
2021-01-18,13.674808502197266,12.00976884180492,1,10%,40,0,40.0,53349.02692213829,33.3172937455233,OTM,53349.02692213829,0.0
2021-01-25,12.9540433883667,12.831873517558599,1,10%,40,30,10.0,53359.02692213829,32.78011185170935,OTM,53359.02692213829,0.0
2021-02-01,13.553641319274902,12.422650831496808,1,10%,40,0,40.0,53399.02692213829,26.83237112152908,OTM,53399.02692213829,0.0
2021-02-08,14.920125961303711,13.071191093207823,1,10%,40,0,40.0,53439.02692213829,25.267345797149126,OTM,53439.02692213829,0.0
2021-02-15,14.885472297668457,14.250504578386032,1,10%,40,0,40.0,53479.02692213829,27.945489803603955,OTM,53479.02692213829,0.0
2021-02-22,13.676798820495605,14.214582467806936,1,10%,40,30,-43.77836473113309,53435.24855740716,28.000206555122382,ASSIGNED,53479.02692213829,-0.08186081021045515
2021-03-01,12.427247047424316,12.96522631265661,1,10%,40,0,-13.7979265232293,53421.45063088393,30.007085777290307,ASSIGNED,53479.02692213829,-0.10766144144354911
2021-03-08,12.825087547302246,11.711270510824871,1,10%,40,0,40.0,53461.45063088393,31.61825892661214,OTM,53479.02692213829,-0.03286576489124911
2021-03-15,12.814862251281738,12.079464432745569,1,10%,40,0,40.0,53501.45063088393,31.769522152826227,OTM,53501.45063088393,0.0
2021-03-22,12.80837631225586,12.074151151401763,1,10%,40,30,10.0,53511.45063088393,31.672340590507456,OTM,53511.45063088393,0.0
2021-03-29,13.778539657592773,12.06821994842914,1,10%,40,0,40.0,53551.45063088393,31.668290540993294,OTM,53551.45063088393,0.0
2021-04-05,14.365374565124512,12.928433721107185,1,10%,40,0,40.0,53591.45063088393,32.79637389590022,OTM,53591.45063088393,0.0
2021-04-12,15.874236106872559,13.483106335034647,1,10%,40,0,40.0,53631.45063088393,32.7151710336864,OTM,53631.45063088393,0.0
2021-04-19,15.228545188903809,14.835176921355112,1,10%,40,30,10.0,53641.45063088393,33.88030968622448,OTM,53641.45063088393,0.0
2021-04-26,14.973407745361328,14.247566875128639,1,10%,40,0,40.0,53681.45063088393,33.58072490344918,OTM,53681.45063088393,0.0
2021-05-03,14.776631355285645,14.011431123162527,1,10%,40,0,40.0,53721.45063088393,33.531284774288906,OTM,53721.45063088393,0.0
2021-05-10,14.20875072479248,13.92361919279479,1,10%,40,0,40.0,53761.45063088393,31.65104321279584,OTM,53761.45063088393,0.0
2021-05-17,14.955699920654297,13.372841689769299,1,10%,40,30,10.0,53771.45063088393,31.969333593224672,OTM,53771.45063088393,0.0
2021-05-24,16.20543670654297,14.13204440927228,1,10%,40,0,40.0,53811.45063088393,30.88548684641676,OTM,53811.45063088393,0.0
2021-05-31,17.535982131958008,15.412282074726447,1,10%,40,0,40.0,53851.45063088393,29.11753226363398,OTM,53851.45063088393,0.0
2021-06-07,17.78646469116211,16.62770604433154,1,10%,40,0,40.0,53891.45063088393,29.939960506674637,OTM,53891.45063088393,0.0
2021-06-14,18.598190307617188,16.87539040548973,1,10%,40,30,10.0,53901.45063088393,29.774943125738663,OTM,53901.45063088393,0.0
2021-06-21,18.98958969116211,17.658143697908216,1,10%,40,0,40.0,53941.45063088393,29.57942389693088,OTM,53941.45063088393,0.0
2021-06-28,20.442424774169922,18.063927398591016,1,10%,40,0,40.0,53981.45063088393,29.060431695085782,OTM,53981.45063088393,0.0
2021-07-05,20.006622314453125,19.40789940475923,1,10%,40,0,40.0,54021.45063088393,29.597228289245486,OTM,54021.45063088393,0.0
2021-07-12,18.121482849121094,19.070329192761797,1,10%,40,30,-84.88463436407031,53936.565996519865,28.498941724645036,ASSIGNED,54021.45063088393,-0.15713134944129134
2021-07-19,19.515439987182617,17.124922135344015,1,10%,40,0,40.0,53976.565996519865,30.862502125472687,OTM,54021.45063088393,-0.08308668841707942
2021-07-26,19.456575393676758,18.41184158957863,1,10%,40,0,40.0,54016.565996519865,31.31151790661941,OTM,54021.45063088393,-0.009042027392867495
2021-08-02,20.321683883666992,18.366581392766374,1,10%,40,0,40.0,54056.565996519865,31.159181893881527,OTM,54056.565996519865,0.0
2021-08-09,20.144073486328125,19.25396631566771,1,10%,40,30,10.0,54066.565996519865,30.155084435613006,OTM,54066.565996519865,0.0
2021-08-16,20.770708084106445,19.070675005328887,1,10%,40,0,40.0,54106.565996519865,30.370052198725844,OTM,54106.565996519865,0.0
2021-08-23,22.586746215820312,19.727227930619858,1,10%,40,0,40.0,54146.565996519865,29.490873139578028,OTM,54146.565996519865,0.0
2021-08-30,22.797313690185547,21.43850637863519,1,10%,40,0,40.0,54186.565996519865,29.663599864956552,OTM,54186.565996519865,0.0
2021-09-06,22.433046340942383,21.63624782457154,1,10%,40,30,10.0,54196.565996519865,29.690441407452372,OTM,54196.565996519865,0.0
2021-09-13,21.856203079223633,21.278999288237024,1,10%,40,0,40.0,54236.565996519865,29.838736601664692,OTM,54236.565996519865,0.0
2021-09-20,22.036836624145508,20.700928693866107,1,10%,40,0,40.0,54276.565996519865,30.2465678271312,OTM,54276.565996519865,0.0
2021-09-27,20.700515747070312,20.958412406542926,1,10%,40,0,14.210334052738602,54290.776330572604,29.11568776258155,ASSIGNED,54290.776330572604,0.0
2021-10-04,20.789337158203125,19.619150400538853,1,10%,40,30,10.0,54300.776330572604,30.067907493969997,OTM,54300.776330572604,0.0
2021-10-11,21.818275451660156,19.91311136636657,1,10%,40,0,40.0,54340.776330572604,27.15729774281572,OTM,54340.776330572604,0.0
2021-10-18,22.680545806884766,20.968509758799602,1,10%,40,0,40.0,54380.776330572604,26.23415563994371,OTM,54380.776330572604,0.0
2021-10-25,25.515869140625,21.782776635097377,1,10%,40,0,40.0,54420.776330572604,26.417548095963994,OTM,54420.776330572604,0.0
2021-11-01,29.692495346069336,24.22486944485299,1,10%,40,30,10.0,54430.776330572604,29.594104003467585,OTM,54430.776330572604,0.0
2021-11-08,30.3292179107666,27.784828592053085,1,10%,40,0,40.0,54470.776330572604,33.531794564080855,OTM,54470.776330572604,0.0
2021-11-15,32.919029235839844,28.377340223642726,1,10%,40,0,40.0,54510.776330572604,33.56320886365067,OTM,54510.776330572604,0.0
2021-11-22,31.43999671936035,30.805487886839835,1,10%,40,0,40.0,54550.776330572604,33.5193351894745,OTM,54550.776330572604,0.0
2021-11-29,30.635366439819336,29.305856873204423,1,10%,40,30,10.0,54560.776330572604,34.57952022199216,OTM,54560.776330572604,0.0
2021-12-06,30.141292572021484,28.53639510162463,1,10%,40,0,40.0,54600.776330572604,34.76264602666173,OTM,54600.776330572604,0.0
2021-12-13,27.748798370361328,28.095305129733358,1,10%,40,0,5.34932406279701,54606.1256546354,34.579552176134214,ASSIGNED,54606.1256546354,0.0
2021-12-20,29.58434295654297,25.67587420281352,1,10%,40,0,40.0,54646.1256546354,36.54769882713245,OTM,54646.1256546354,0.0
2021-12-27,29.355772018432617,27.488519948804996,1,10%,40,30,10.0,54656.1256546354,35.43404466963209,OTM,54656.1256546354,0.0
2022-01-03,27.195837020874023,27.260972773137283,1,10%,40,0,33.48642477367406,54689.612079409075,35.58308965193786,ASSIGNED,54689.612079409075,0.0
2022-01-10,26.891407012939453,25.098101673166273,1,10%,40,0,40.0,54729.612079409075,37.24897098098731,OTM,54729.612079409075,0.0
2022-01-17,23.330108642578125,24.809325291523773,1,10%,40,0,-107.92166489456486,54621.69041451451,37.332940489602095,ASSIGNED,54729.612079409075,-0.19719062641624158
2022-01-24,22.7971134185791,21.455152711797574,1,10%,40,30,10.0,54631.69041451451,38.181202801008595,OTM,54729.612079409075,-0.17891898220014396
2022-01-31,24.273332595825195,21.419179397582365,1,10%,40,0,40.0,54671.69041451451,32.43452927811829,OTM,54729.612079409075,-0.10583240533575358
2022-02-07,23.90402603149414,22.71215665829226,1,10%,40,0,40.0,54711.69041451451,33.55171677172568,OTM,54729.612079409075,-0.032745828471363196
2022-02-14,23.597606658935547,22.569449661306958,1,10%,40,0,40.0,54751.69041451451,31.10401035337804,OTM,54751.69041451451,0.0
2022-02-21,24.111637115478516,22.286779319358317,1,10%,40,30,10.0,54761.69041451451,31.022828940022503,OTM,54761.69041451451,0.0
2022-02-28,22.896825790405273,22.738492655361792,1,10%,40,0,40.0,54801.69041451451,31.426732820698913,OTM,54801.69041451451,0.0
2022-03-07,22.06226348876953,21.57593500703786,1,10%,40,0,40.0,54841.69041451451,31.639998897016408,OTM,54841.69041451451,0.0
2022-03-14,26.40782356262207,20.848535348929513,1,10%,40,0,40.0,54881.69041451451,30.868395533919127,OTM,54881.69041451451,0.0
2022-03-21,27.64470672607422,24.288247631869357,1,10%,40,30,10.0,54891.69041451451,38.15144126117271,OTM,54891.69041451451,0.0
2022-03-28,26.666379928588867,25.38542975833561,1,10%,40,0,40.0,54931.69041451451,38.5732331208945,OTM,54931.69041451451,0.0
2022-04-04,23.07952117919922,24.549142651611664,1,10%,40,0,-106.96214724124451,54824.72826727326,37.90166894766515,ASSIGNED,54931.69041451451,-0.1947184702202153
2022-04-11,21.221696853637695,21.034989096303704,1,10%,40,0,40.0,54864.72826727326,40.5522294486934,OTM,54931.69041451451,-0.12190075844371612
2022-04-18,19.48167610168457,19.457855091145266,1,10%,40,30,10.0,54874.72826727326,38.974037364994615,OTM,54931.69041451451,-0.10369633049959132
2022-04-25,18.515323638916016,17.806529098172856,1,10%,40,0,40.0,54914.72826727326,39.80208944477452,OTM,54931.69041451451,-0.030878618723092156
2022-05-02,18.643102645874023,16.97349672684397,1,10%,40,0,40.0,54954.72826727326,39.0196114214573,OTM,54954.72826727326,0.0
2022-05-09,17.675765991210938,17.08425932505237,1,10%,40,0,40.0,54994.72826727326,39.11825812644302,OTM,54994.72826727326,0.0
2022-05-16,16.66549301147461,16.187857435720186,1,10%,40,30,10.0,55004.72826727326,39.280613774547646,OTM,55004.72826727326,0.0
2022-05-23,18.778873443603516,15.27158899112279,1,10%,40,0,40.0,55044.72826727326,39.12550250985554,OTM,55044.72826727326,0.0
2022-05-30,18.688030242919922,17.01053422234775,1,10%,40,0,40.0,55084.72826727326,42.16174749800433,OTM,55084.72826727326,0.0
2022-06-06,16.94859504699707,16.9336508330002,1,10%,40,0,40.0,55124.72826727326,42.078316277790776,OTM,55124.72826727326,0.0
2022-06-13,15.856231689453125,15.76024255030981,1,10%,40,30,10.0,55134.72826727326,35.22428808169897,OTM,55134.72826727326,0.0
2022-06-20,17.100370407104492,14.815035926514135,1,10%,40,0,40.0,55174.72826727326,33.94061481742567,OTM,55174.72826727326,0.0
2022-06-27,14.501263618469238,15.825735807770174,1,10%,40,0,-92.44721893009358,55082.28104834317,36.50016775529511,ASSIGNED,55174.72826727326,-0.16755355546522718
2022-07-04,15.814294815063477,13.387258608076955,1,10%,40,0,40.0,55122.28104834317,37.15863274688701,OTM,55174.72826727326,-0.09505659670136159
2022-07-11,15.738409996032715,14.497506434695433,1,10%,40,30,10.0,55132.28104834317,39.01750102612135,OTM,55174.72826727326,-0.07693235701039518
2022-07-18,17.29307746887207,14.462333845952926,1,10%,40,0,40.0,55172.28104834317,38.387155331036126,OTM,55174.72826727326,-0.004435398246529574
2022-07-25,18.135818481445312,15.799027278025438,1,10%,40,0,40.0,55212.28104834317,39.92037443727776,OTM,55212.28104834317,0.0
2022-08-01,18.96057891845703,16.546529224376503,1,10%,40,0,40.0,55252.28104834317,40.27711187126526,OTM,55252.28104834317,0.0
2022-08-08,18.680997848510742,17.31541777672124,1,10%,40,30,10.0,55262.28104834317,40.02756009060503,OTM,55262.28104834317,0.0
2022-08-15,17.822282791137695,17.09966941133618,1,10%,40,0,40.0,55302.28104834317,39.41651483424047,OTM,55302.28104834317,0.0
2022-08-22,16.23566246032715,16.43317325759474,1,10%,40,0,20.248920273240998,55322.52996861641,37.48199384611058,ASSIGNED,55322.52996861641,0.0
2022-08-29,13.626575469970703,14.905043519968068,1,10%,40,0,-87.84680499973646,55234.68316361667,38.639884503839596,ASSIGNED,55322.52996861641,-0.1587902886031662
2022-09-05,14.369736671447754,12.397325883478961,1,10%,40,30,10.0,55244.68316361667,41.020462289772425,OTM,55322.52996861641,-0.14071447029609882
2022-09-12,13.18216323852539,13.06618692268685,1,10%,40,0,40.0,55284.68316361667,41.16618838180621,OTM,55322.52996861641,-0.06841119706782932
2022-09-19,12.500981330871582,12.005323219565579,1,10%,40,0,40.0,55324.68316361667,40.750899633691816,OTM,55324.68316361667,0.0
2022-09-26,12.124433517456055,11.504160792369058,1,10%,40,0,40.0,55364.68316361667,38.000354732988896,OTM,55364.68316361667,0.0
2022-10-03,12.061509132385254,11.23500902698125,1,10%,40,30,10.0,55374.68316361667,36.15968949109768,OTM,55374.68316361667,0.0
2022-10-10,11.21352767944336,11.176784708189158,1,10%,40,0,40.0,55414.68316361667,36.15767929921418,OTM,55414.68316361667,0.0
2022-10-17,12.451041221618652,10.492862850997263,1,10%,40,0,40.0,55454.68316361667,33.53756687932729,OTM,55454.68316361667,0.0
2022-10-24,13.817398071289062,11.538809264294205,1,10%,40,0,40.0,55494.68316361667,36.133005914649665,OTM,55494.68316361667,0.0
2022-10-31,14.139012336730957,12.697050330767372,1,10%,40,30,10.0,55504.68316361667,38.387738872167134,OTM,55504.68316361667,0.0
2022-11-07,16.30740737915039,12.977224481457432,1,10%,40,0,40.0,55544.68316361667,38.70115017167333,OTM,55544.68316361667,0.0
2022-11-14,15.390510559082031,14.750517793575872,1,10%,40,0,40.0,55584.68316361667,42.538136997555114,OTM,55584.68316361667,0.0
2022-11-21,16.25047492980957,13.955589558991406,1,10%,40,0,40.0,55624.68316361667,41.8928374907682,OTM,55624.68316361667,0.0
2022-11-28,16.860061645507812,14.961481599964014,1,10%,40,30,10.0,55634.68316361667,37.87948660977962,OTM,55634.68316361667,0.0
2022-12-05,16.984941482543945,15.532341047614802,1,10%,40,0,40.0,55674.68316361667,37.71481467076816,OTM,55674.68316361667,0.0
2022-12-12,16.555349349975586,15.753155868854606,1,10%,40,0,40.0,55714.68316361667,35.91860579019479,OTM,55714.68316361667,0.0
2022-12-19,15.191637992858887,15.389862633976547,1,10%,40,0,20.177535888233997,55734.860699504905,35.306292674701524,ASSIGNED,55734.860699504905,0.0
2022-12-26,14.600197792053223,14.0431368990479,1,10%,40,30,10.0,55744.860699504905,36.806625911483884,OTM,55744.860699504905,0.0
2023-01-02,14.844965934753418,13.471706968064694,1,10%,40,0,40.0,55784.860699504905,37.29466525170437,OTM,55784.860699504905,0.0
2023-01-09,16.883039474487305,13.774797305043604,1,10%,40,0,40.0,55824.860699504905,35.79383885295988,OTM,55824.860699504905,0.0
2023-01-16,17.82215690612793,15.611683399302544,1,10%,40,0,40.0,55864.860699504905,36.72092069264326,OTM,55864.860699504905,0.0
2023-01-23,20.34576416015625,16.547849144401262,1,10%,40,30,10.0,55874.860699504905,35.62413432819669,OTM,55874.860699504905,0.0
2023-01-30,21.0800724029541,18.734691003458725,1,10%,40,0,40.0,55914.860699504905,37.84035862903447,OTM,55914.860699504905,0.0
2023-02-06,21.24491310119629,19.610254886033218,1,10%,40,0,40.0,55954.860699504905,35.11189457619035,OTM,55954.860699504905,0.0
2023-02-13,21.367799758911133,19.85636092084796,1,10%,40,0,40.0,55994.860699504905,33.85249823731711,OTM,55994.860699504905,0.0
2023-02-20,23.264007568359375,19.976887230170306,1,10%,40,30,10.0,56004.860699504905,33.77593949267107,OTM,56004.860699504905,0.0
2023-02-27,23.86743927001953,21.690802778715874,1,10%,40,0,40.0,56044.860699504905,34.50573827556644,OTM,56044.860699504905,0.0
2023-03-06,22.947208404541016,22.261361657975243,1,10%,40,0,40.0,56084.860699504905,34.40985831647018,OTM,56084.860699504905,0.0
2023-03-13,25.70507049560547,21.377717400828214,1,10%,40,0,40.0,56124.860699504905,34.72834408614554,OTM,56124.860699504905,0.0
2023-03-20,26.758251190185547,24.08515140335621,1,10%,40,30,10.0,56134.860699504905,33.17758515840309,OTM,56134.860699504905,0.0
2023-03-27,27.75547981262207,25.230000039949402,1,10%,40,0,40.0,56174.860699504905,31.473985074134546,OTM,56174.860699504905,0.0
2023-04-03,27.01605224609375,26.194946238389736,1,10%,40,0,40.0,56214.860699504905,31.217579683617004,OTM,56214.860699504905,0.0
2023-04-10,26.737266540527344,25.549994211703815,1,10%,40,0,40.0,56254.860699504905,30.652760418578616,OTM,56254.860699504905,0.0
2023-04-17,27.097984313964844,25.240295352985772,1,10%,40,30,10.0,56264.860699504905,31.149463495506303,OTM,56264.860699504905,0.0
2023-04-24,27.72749900817871,25.875086535659683,1,10%,40,0,40.0,56304.860699504905,28.017117711026145,OTM,56304.860699504905,0.0
2023-05-01,28.657779693603516,26.479884386806614,1,10%,40,0,40.0,56344.860699504905,27.97870677207151,OTM,56344.860699504905,0.0
2023-05-08,28.318042755126953,27.374848003277336,1,10%,40,0,40.0,56384.860699504905,27.9128663611611,OTM,56384.860699504905,0.0
2023-05-15,31.23978042602539,27.02179552568147,1,10%,40,30,10.0,56394.860699504905,28.2034149163721,OTM,56394.860699504905,0.0
2023-05-22,38.91582107543945,29.747827574462665,1,10%,40,0,40.0,56434.860699504905,28.7755449840555,OTM,56434.860699504905,0.0
2023-05-29,39.296531677246094,35.82484880933258,1,10%,40,0,40.0,56474.860699504905,37.91028931370861,OTM,56474.860699504905,0.0
2023-06-05,38.74397277832031,36.309944945635465,1,10%,40,0,40.0,56514.860699504905,36.92212114368901,OTM,56514.860699504905,0.0
2023-06-12,42.66333770751953,35.86507484140753,1,10%,40,30,10.0,56524.860699504905,36.43304030850408,OTM,56524.860699504905,0.0
2023-06-19,42.180660247802734,39.39564593599016,1,10%,40,0,40.0,56564.860699504905,37.09265541375461,OTM,56564.860699504905,0.0
2023-06-26,42.27359390258789,38.88482609651364,1,10%,40,0,40.0,56604.860699504905,37.53790994846685,OTM,56604.860699504905,0.0
2023-07-03,42.47447204589844,39.04426063229475,1,10%,40,0,40.0,56644.860699504905,37.03460953603178,OTM,56644.860699504905,0.0
2023-07-10,45.4384765625,39.263339763700934,1,10%,40,30,10.0,56654.860699504905,36.806796483778925,OTM,56654.860699504905,0.0
2023-07-17,44.27925109863281,42.01053041501906,1,10%,40,0,40.0,56694.860699504905,36.760651393796174,OTM,56694.860699504905,0.0
2023-07-24,46.71861267089844,40.82256420825126,1,10%,40,0,40.0,56734.860699504905,37.51756570811504,OTM,56734.860699504905,0.0
2023-07-31,44.65000534057617,43.07015816534575,1,10%,40,0,40.0,56774.860699504905,37.525822654253645,OTM,56774.860699504905,0.0
2023-08-07,40.82756805419922,41.045768746318025,1,10%,40,30,-11.820069211880622,56763.04063029303,38.28377746050012,ASSIGNED,56774.860699504905,-0.020819195443627394
2023-08-14,43.269927978515625,37.32383038527336,1,10%,40,0,40.0,56803.04063029303,39.7536778175305,OTM,56803.04063029303,0.0
2023-08-21,45.98711013793945,40.977728506901265,1,10%,40,0,40.0,56843.04063029303,30.280159897840527,OTM,56843.04063029303,0.0
2023-08-28,48.47643280029297,43.45283436770657,1,10%,40,0,40.0,56883.04063029303,30.895691133159062,OTM,56883.04063029303,0.0
2023-09-04,45.54515838623047,45.79070298441263,1,10%,40,30,-14.554459818216401,56868.48617047481,30.9806091394423,ASSIGNED,56883.04063029303,-0.02558664174232959
2023-09-11,43.87413787841797,43.10570883203942,1,10%,40,0,40.0,56908.48617047481,30.449388278693945,OTM,56908.48617047481,0.0
2023-09-18,41.585487365722656,41.468671558604825,1,10%,40,0,40.0,56948.48617047481,30.814386473456906,OTM,56948.48617047481,0.0
2023-09-25,43.4733772277832,39.205056291593856,1,10%,40,0,40.0,56988.48617047481,31.511079877454886,OTM,56988.48617047481,0.0
2023-10-02,45.73504638671875,40.920484868255485,1,10%,40,30,10.0,56998.48617047481,31.938337695346853,OTM,56998.48617047481,0.0
2023-10-09,45.4342155456543,43.123441007491714,1,10%,40,0,40.0,57038.48617047481,31.471004798307323,OTM,57038.48617047481,0.0
2023-10-16,41.36261749267578,42.865774279536055,1,10%,40,0,-110.31567868602735,56928.170491788784,31.30603116490735,ASSIGNED,57038.48617047481,-0.19340569165233323
2023-10-23,40.476139068603516,38.88547873877169,1,10%,40,0,40.0,56968.170491788784,32.2744402265581,OTM,57038.48617047481,-0.12327760325873652
2023-10-30,44.97848892211914,38.08796900217257,1,10%,40,30,10.0,56978.170491788784,32.018756881827464,OTM,57038.48617047481,-0.10574558116033736
2023-11-06,48.30652618408203,42.17678149975618,1,10%,40,0,40.0,57018.170491788784,32.96716610496884,OTM,57038.48617047481,-0.035617492766740665
2023-11-13,49.26896286010742,45.24164454359692,1,10%,40,0,40.0,57058.170491788784,33.30077843459364,OTM,57058.170491788784,0.0
2023-11-20,47.747859954833984,46.24171013798927,1,10%,40,0,40.0,57098.170491788784,32.722987097376276,OTM,57098.170491788784,0.0
2023-11-27,46.737449645996094,44.86062328289829,1,10%,40,30,10.0,57108.170491788784,32.44175320093731,OTM,57108.170491788784,0.0
2023-12-04,47.4821891784668,44.03224206091617,1,10%,40,0,40.0,57148.170491788784,31.69541617295391,OTM,57148.170491788784,0.0
2023-12-11,48.86549377441406,44.79837258462859,1,10%,40,0,40.0,57188.170491788784,31.3036094341044,OTM,57188.170491788784,0.0
2023-12-18,48.8055305480957,46.25430661164388,1,10%,40,0,40.0,57228.170491788784,30.41336182732826,OTM,57228.170491788784,0.0
2023-12-25,49.4971809387207,46.23339608895263,1,10%,40,30,10.0,57238.170491788784,30.201494708783635,OTM,57238.170491788784,0.0
2024-01-01,49.072391510009766,46.966446565266274,1,10%,40,0,40.0,57278.170491788784,29.74781775449535,OTM,57278.170491788784,0.0
2024-01-08,54.68257522583008,46.56070380280487,1,10%,40,0,40.0,57318.170491788784,29.76352553868516,OTM,57318.170491788784,0.0
2024-01-15,59.461185455322266,51.95938943878041,1,10%,40,0,40.0,57358.170491788784,29.36448220995178,OTM,57358.170491788784,0.0
2024-01-22,61.00041198730469,56.45519411785444,1,10%,40,30,10.0,57368.170491788784,29.581957379890376,OTM,57368.170491788784,0.0
2024-01-29,66.12684631347656,58.300248327232616,1,10%,40,0,40.0,57408.170491788784,27.76788560780283,OTM,57408.170491788784,0.0
2024-02-05,72.09687042236328,63.12961775443382,1,10%,40,0,40.0,57448.170491788784,28.073856512296757,OTM,57448.170491788784,0.0
2024-02-12,72.57659912109375,68.58618527781498,1,10%,40,0,40.0,57488.170491788784,29.04549764950943,OTM,57488.170491788784,0.0
2024-02-19,78.77751159667969,69.28994417076073,1,10%,40,30,10.0,57498.170491788784,28.06228519020155,OTM,57498.170491788784,0.0
2024-02-26,82.23775482177734,75.35996704896284,1,10%,40,0,40.0,57538.170491788784,27.513349917485645,OTM,57538.170491788784,0.0
2024-03-04,87.48824310302734,78.75071096370365,1,10%,40,0,40.0,57578.170491788784,27.230601827419637,OTM,57578.170491788784,0.0
2024-03-11,87.7970962524414,83.7953825035191,1,10%,40,0,40.0,57618.170491788784,27.17516573420086,OTM,57618.170491788784,0.0
2024-03-18,94.24616241455078,84.13605231758963,1,10%,40,30,10.0,57628.170491788784,27.027807016196117,OTM,57628.170491788784,0.0
2024-03-25,90.31494903564453,90.43449804458474,1,10%,40,0,28.045099105978863,57656.21559089476,26.665749334447067,ASSIGNED,57656.21559089476,0.0
2024-04-01,87.96802520751953,86.16117844455613,1,10%,40,0,40.0,57696.21559089476,28.266138562972813,OTM,57696.21559089476,0.0
2024-04-08,88.14594268798828,83.84792032478344,1,10%,40,0,40.0,57736.21559089476,28.50968093686358,OTM,57736.21559089476,0.0
2024-04-15,76.16539001464844,84.11904617029316,1,10%,40,30,-785.3656155644723,56950.84997533029,28.177402324171354,ASSIGNED,57736.21559089476,-1.3602651429899515
2024-04-22,87.69515991210938,71.04713027325526,1,10%,40,0,40.0,56990.84997533029,34.38323738400024,OTM,57736.21559089476,-1.2909845370641482
2024-04-29,88.74866485595703,81.09298424470475,1,10%,40,0,40.0,57030.84997533029,36.71566405471462,OTM,57736.21559089476,-1.2217039311383449
2024-05-06,89.83717346191406,82.30630172882708,1,10%,40,0,40.0,57070.84997533029,35.93847440091733,OTM,57736.21559089476,-1.1524233252125415
2024-05-13,92.43699645996094,83.32252825334142,1,10%,40,30,10.0,57080.84997533029,35.91685340115689,OTM,57736.21559089476,-1.1351031737310908
2024-05-20,106.4206314086914,85.99551555977334,1,10%,40,0,40.0,57120.84997533029,35.10025471618023,OTM,57736.21559089476,-1.0658225678052875
2024-05-27,109.58319854736328,97.92805549498685,1,10%,40,0,40.0,57160.84997533029,38.01840724852639,OTM,57736.21559089476,-0.9965419618794842
2024-06-03,120.83308410644531,100.9394191941845,1,10%,40,0,40.0,57200.84997533029,37.752093448495486,OTM,57736.21559089476,-0.9272613559536809
2024-06-10,131.83091735839844,110.93332870384509,1,10%,40,30,10.0,57210.84997533029,38.63198852869323,OTM,57736.21559089476,-0.90994120447223
2024-06-17,126.52289581298828,120.89862730168305,1,10%,40,0,40.0,57250.84997533029,38.91968933998855,OTM,57736.21559089476,-0.8406605985464267
2024-06-24,123.4940185546875,116.04536056221352,1,10%,40,0,40.0,57290.84997533029,38.88645333757644,OTM,57736.21559089476,-0.7713799926206234
2024-07-01,125.78317260742188,113.28303678288384,1,10%,40,0,40.0,57330.84997533029,38.84971760216075,OTM,57736.21559089476,-0.7020993866948201
2024-07-08,129.19189453125,115.43367673864498,1,10%,40,30,10.0,57340.84997533029,38.73331011234234,OTM,57736.21559089476,-0.6847792352133693
2024-07-15,117.8861083984375,121.04784217276325,1,10%,40,0,-276.17337743257536,57064.67659789771,33.18305922372531,ASSIGNED,57736.21559089476,-1.1631157084409813
2024-07-22,113.01791381835938,110.26079601390099,1,10%,40,0,40.0,57104.67659789771,33.65763840533488,OTM,57736.21559089476,-1.093835102515178
2024-07-29,107.23007202148438,105.38247078736384,1,10%,40,0,40.0,57144.67659789771,34.487163002059546,OTM,57736.21559089476,-1.0245544965893747
2024-08-05,104.71102142333984,99.6350664704303,1,10%,40,30,10.0,57154.67659789771,35.43022554066546,OTM,57736.21559089476,-1.007234345107924
2024-08-12,124.53363800048828,97.20912063984062,1,10%,40,0,40.0,57194.67659789771,35.66524617613625,OTM,57736.21559089476,-0.9379537391821205
2024-08-19,129.32183837890625,114.71878796406658,1,10%,40,0,40.0,57234.67659789771,37.73309967362829,OTM,57736.21559089476,-0.8686731332563172
2024-08-26,119.32557678222656,119.10641467706049,1,10%,40,0,40.0,57274.67659789771,37.784850212029035,OTM,57736.21559089476,-0.7993925273305139
2024-09-02,102.79173278808594,109.98834263077963,1,10%,40,30,-709.660984269369,56565.01561362834,37.570769762460486,ASSIGNED,57736.21559089476,-2.028536102132616
2024-09-09,119.06585693359375,94.32557541370532,1,10%,40,0,40.0,56605.01561362834,38.756902382340144,OTM,57736.21559089476,-1.9592554962068127
2024-09-16,115.96674346923828,107.61540013369448,1,10%,40,0,40.0,56645.01561362834,42.73941089932977,OTM,57736.21559089476,-1.8899748902810094
2024-09-23,121.36520385742188,104.80884619967986,1,10%,40,0,40.0,56685.01561362834,42.75303989970135,OTM,57736.21559089476,-1.820694284355206
2024-09-30,124.88418579101562,109.58388728820535,1,10%,40,30,10.0,56695.01561362834,43.00021069148381,OTM,57736.21559089476,-1.8033741328737554
2024-10-07,134.76136779785156,112.75533770720376,1,10%,40,0,40.0,56735.01561362834,43.01391282747534,OTM,57736.21559089476,-1.734093526947952
2024-10-14,137.96043395996094,121.93872088003336,1,10%,40,0,40.0,56775.01561362834,42.445676282369035,OTM,57736.21559089476,-1.6648129210221487
2024-10-21,141.49942016601562,125.06451248247453,1,10%,40,0,40.0,56815.01561362834,41.96245861037461,OTM,57736.21559089476,-1.5955323150963454
2024-10-28,132.72193908691406,128.6660792372774,1,10%,40,30,10.0,56825.01561362834,41.16054183107642,OTM,57736.21559089476,-1.5782121636148945
