Week,Open,High,Low,Close,Volume,Date,Returns,Volatility_12w,VIX_Estimate
2018-12-31/2019-01-06,3.2390071817040265,3.433387141998996,3.165866610229452,3.376610279083252,1799924000,2018-12-31,,0.4552132779194207,33.208531116776825
2019-01-07/2019-01-13,3.433883069464481,3.7128092565710475,3.3825605935906724,3.6899993419647217,3510356000,2019-01-07,0.09281173632112338,0.4552132779194207,33.208531116776825
2019-01-14/2019-01-20,3.637684784225225,3.9168584448168775,3.614131006452233,3.8908252716064453,2962056000,2019-01-14,0.05442438088208301,0.4552132779194207,33.208531116776825
2019-01-21/2019-01-27,3.8605770026218598,3.9887576916940186,3.6582630372268445,3.970658540725708,3116116000,2019-01-21,0.020518338282073723,0.4552132779194207,33.208531116776825
2019-01-28/2019-02-03,3.3855357845316836,3.639420451798494,3.247932693968221,3.588346004486084,6107588000,2019-01-28,-0.09628441537301002,0.4552132779194207,33.208531116776825
2019-02-04/2019-02-10,3.604213444766,3.8578502616084736,3.5734701501908073,3.673635482788086,2872204000,2019-02-04,0.023768465525725313,0.4552132779194207,33.208531116776825
2019-02-11/2019-02-17,3.6295025355146233,4.062890743591801,3.58264301964484,3.9009902477264404,4035624000,2019-02-11,0.06188822108332981,0.4552132779194207,33.208531116776825
2019-02-18/2019-02-24,3.8903296016468563,3.998180255082452,3.8474369774909136,3.9468576908111572,1943168000,2019-02-18,0.011757897398346318,0.4552132779194207,33.208531116776825
2019-02-25/2019-03-03,4.0304119953672135,4.09784983030733,3.796114501695703,3.8829216957092285,2326872000,2019-02-25,-0.016199214694459507,0.4552132779194207,33.208531116776825
2019-03-04/2019-03-10,3.921390880130561,3.944224296999847,3.5937810537134136,3.7387237548828125,2048960000,2019-03-04,-0.03713645345610761,0.4552132779194207,33.208531116776825
2019-03-11/2019-03-17,3.762301430231394,4.257191599823181,3.715145334029696,4.214503288269043,3389072000,2019-03-11,0.1272572044845135,0.4552132779194207,33.208531116776825
2019-03-18/2019-03-24,4.246022305412801,4.591502421308385,4.166105229411055,4.405361652374268,3633068000,2019-03-18,0.04528608736324258,0.4552132779194207,33.208531116776825
2019-03-25/2019-03-31,4.364657964050135,4.510840376517785,4.246767929605589,4.456488609313965,2640252000,2019-03-25,0.011605620826190766,0.42571390715030294,32.02855628601212
2019-04-01/2019-04-07,4.5483183278939725,4.756548971270719,4.476591711677349,4.739175319671631,2647368000,2019-04-01,0.06343261144365031,0.4075901949140304,31.30360779656122
2019-04-08/2019-04-14,4.708647275038631,4.801718770475504,4.655040506380316,4.715845584869385,2155244000,2019-04-08,-0.004922741453646573,0.40434422142858123,31.17376885714325
2019-04-15/2019-04-21,4.708152011688977,4.7270137160976615,4.544347071162689,4.623766899108887,1567048000,2019-04-15,-0.01952538184369923,0.4114980841912704,31.459923367650816
2019-04-22/2019-04-28,4.60019002615052,4.785338041478544,4.301121176260781,4.420003890991211,2313280000,2019-04-22,-0.04406861603619028,0.3557810680945954,29.231242723783815
2019-04-29/2019-05-05,4.427945306461977,4.588276901963093,4.355722127582125,4.542112350463867,1840628000,2019-04-29,0.027626323977120393,0.3561366998798795,29.245467995195177
2019-05-06/2019-05-12,4.3557195497159,4.475843390450838,4.070304999758619,4.189932346343994,2626312000,2019-05-06,-0.07753661225132535,0.3929699516917747,30.71879806767099
2019-05-13/2019-05-19,4.057895606039644,4.080977315786321,3.8454452835079294,3.8849072456359863,3487268000,2019-05-13,-0.07279952884541518,0.42643066263004586,32.05722650520184
2019-05-20/2019-05-26,3.7861286279421997,3.8643073902260965,3.595766558205757,3.6024677753448486,2209208000,2019-05-20,-0.07270172810648412,0.4521786655554462,33.08714662221785
2019-05-27/2019-06-02,3.6200896713730124,3.6528506553060973,3.364070616731768,3.365809917449951,1772176000,2019-05-27,-0.06569326157879185,0.465642070809737,33.62568283238949
2019-06-03/2019-06-09,3.376991141813484,3.649565439446264,3.2947468634021604,3.615276336669922,2389092000,2019-06-03,0.07411779789661277,0.4021057445872927,31.084229783491708
2019-06-10/2019-06-16,3.6714311195372797,3.7857281092978683,3.5491831590808935,3.5939080715179443,1848052000,2019-06-10,-0.005910548229809742,0.38167275656107497,30.266910262442998
2019-06-17/2019-06-23,3.592168971990992,3.909219442880647,3.569309486766744,3.770820140838623,1974200000,2019-06-17,0.04922554105452037,0.401819527628729,31.07278110514916
2019-06-24/2019-06-30,3.792188793114708,4.108992504658828,3.744978867025264,4.080666542053223,2021996000,2019-06-24,0.0821694988469246,0.4200157680536145,31.800630722144582
2019-07-01/2019-07-07,4.287891853403796,4.322181195149947,3.9179159705348487,3.981276750564575,1753172000,2019-07-01,-0.02435626397412971,0.420670300481509,31.82681201926036
2019-07-08/2019-07-14,3.921642732035232,4.235711985133004,3.851325714002341,4.164648532867432,2313676000,2019-07-08,0.04605853694467554,0.4372845480337183,32.49138192134873
2019-07-15/2019-07-21,4.185770429821443,4.291370680463468,4.095823045768991,4.185272693634033,1766576000,2019-07-15,0.004952197191152141,0.42947143293930856,32.178857317572344
2019-07-22/2019-07-28,4.206640275137497,4.444928326476604,4.199185928152861,4.350009918212891,1777212000,2019-07-22,0.03936116870698281,0.4340849082089497,32.36339632835799
2019-07-29/2019-08-04,4.342803865443007,4.371626396891745,3.957671787073034,4.005129814147949,1654908000,2019-07-29,-0.07928260177545254,0.43553537280194,32.4214149120776
2019-08-05/2019-08-11,3.8215097851450923,3.9335696618957994,3.6997582307814016,3.8309502601623535,1974104000,2019-08-05,-0.04348911572611547,0.41690999424997166,31.676399769998866
2019-08-12/2019-08-18,3.77877173580928,4.013826744670855,3.6622376632948845,3.9646294116973877,2536196000,2019-08-12,0.03489451505678609,0.38684085128735873,30.47363405149435
2019-08-19/2019-08-25,4.077932967015631,4.309758148292772,4.016310339817155,4.036188125610352,2577088000,2019-08-19,0.018049281908123493,0.3473174897830051,28.892699591320202
2019-08-26/2019-09-01,4.114955782072695,4.249605527425925,3.954626349548749,4.166284561157227,1513380000,2019-08-26,0.032232500443026835,0.32456400531085233,27.982560212434095
2019-09-02/2019-09-08,4.09340992723894,4.504045156754772,4.060330504419183,4.443357944488525,1596520000,2019-09-02,0.0665037107437374,0.33946662159166924,28.578664863666773
2019-09-09/2019-09-15,4.474447363544845,4.685858317404362,4.4468392145399465,4.525185585021973,1784280000,2019-09-09,0.01841572107305578,0.33242396482915726,28.296958593166288
2019-09-16/2019-09-22,4.450072607648018,4.516729095679811,4.284923638142132,4.295120716094971,1308752000,2019-09-16,-0.05084097980169022,0.3229955995419206,27.91982398167682
2019-09-23/2019-09-29,4.2953691990305645,4.452559324286397,4.211302622887676,4.2719902992248535,1472032000,2019-09-23,-0.005385277480896233,0.31714818257765554,27.685927303106222
2019-09-30/2019-10-06,4.297857893987722,4.5552806333222104,4.231448668584901,4.5259318351745605,1561676000,2019-09-30,0.05944337841679648,0.32608089716682376,28.043235886672953
2019-10-07/2019-10-13,4.590847405038909,4.709236966443867,4.389882648862326,4.625916481018066,1973360000,2019-10-07,0.022091505017032498,0.3272969337523324,28.0918773500933
2019-10-14/2019-10-20,4.61721190004377,4.956713348062926,4.586122074945585,4.737839698791504,1863984000,2019-10-14,0.024194820255121652,0.32220216445928695,27.888086578371478
2019-10-21/2019-10-27,4.799273791765229,5.108182079230801,4.751269872770678,5.087289810180664,1525616000,2019-10-21,0.0737572677856313,0.2809184659076366,26.236738636305464
2019-10-28/2019-11-03,5.131063312412015,5.1957301902552,4.919902620012374,5.038788318634033,1241360000,2019-10-28,-0.009533856602698343,0.2515260568086349,25.061042272345396
2019-11-04/2019-11-10,5.119871903589049,5.265371332631213,5.076594333521637,5.167874336242676,1416036000,2019-11-04,0.025618464092104665,0.250304276916878,25.012171076675124
2019-11-11/2019-11-17,5.167129304194802,5.26935212663177,4.9902892175304405,5.078584671020508,2398836000,2019-11-11,-0.017277832124510617,0.2639570920778261,25.558283683113046
2019-11-18/2019-11-24,5.071123431369904,5.3362576420754735,5.068139024545438,5.245225429534912,1974228000,2019-11-18,0.03281244073083833,0.26408754653258487,25.563501861303394
2019-11-25/2019-12-01,5.373316450189058,5.5068784964354265,5.360383072101821,5.394702434539795,1249060000,2019-11-25,0.028497727507230675,0.24348589822208708,24.739435928883484
2019-12-02/2019-12-08,5.387734360424529,5.401175285328456,4.9872515189885895,5.280956745147705,1527812000,2019-12-02,-0.02108470129210993,0.25583045943552046,25.23321837742082
2019-12-09/2019-12-15,5.258057982542505,5.699360889940444,5.2493464451662675,5.575158596038818,1561116000,2019-12-09,0.0557099527772944,0.22317011896548816,23.926804758619525
2019-12-16/2019-12-22,5.622698456459965,5.983356543611427,5.594572302779764,5.957968711853027,2034124000,2019-12-16,0.06866353830475735,0.23261680512519517,24.304672205007808
2019-12-23/2019-12-29,5.986592564523979,6.01870085920795,5.869359051990193,5.895742893218994,931420000,2019-12-23,-0.010444133167439862,0.23426245281440342,24.370498112576136
2019-12-30/2020-01-05,5.873841773755167,5.971409797668457,5.727983663924737,5.87583065032959,931980000,2019-12-30,-0.0033773933582325055,0.24051703736793625,24.620681494717452
2020-01-06/2020-01-12,5.782494230981256,6.186461474165216,5.756359621904757,6.081175804138184,1426008000,2020-01-06,0.03494742548393148,0.24230572185737353,24.69222887429494
2020-01-13/2020-01-19,6.1643088762984775,6.296973440866973,6.08640168504852,6.204629421234131,1480016000,2020-01-13,0.02030094525666204,0.21141422323973907,23.456568929589565
2020-01-20/2020-01-26,6.168042628062491,6.459009239561232,6.137178632668914,6.234499454498291,1075184000,2020-01-20,0.004814152665094884,0.2048883205714582,23.19553282285833
2020-01-27/2020-02-02,5.9298430881536515,6.204383224445831,5.780252977773536,5.884791851043701,1701284000,2020-01-27,-0.05609233042794959,0.255402809750989,25.216112390039562
2020-02-03/2020-02-09,5.866622000062996,6.328335285186768,5.860399542958125,6.262128829956055,1143364000,2020-02-03,0.06412070103132539,0.2680093965337925,25.7203758613517
2020-02-10/2020-02-16,6.284778884069444,7.341865218316745,6.279800727450637,7.2129340171813965,3112748000,2020-02-10,0.15183417860664083,0.38680124265807747,30.472049706323098
2020-02-17/2020-02-23,7.109638988755365,7.873271239306523,7.090224846302637,7.319464683532715,2892728000,2020-02-17,0.014769394271119118,0.3877985727648937,30.51194291059575
2020-02-24/2020-03-01,6.7250859513807235,7.015803911128321,6.021802743910398,6.726118564605713,4699812000,2020-02-24,-0.08106414124272066,0.43960491251026584,32.584196500410634
2020-03-02/2020-03-08,6.8962209004899355,7.095213112715437,6.4255143187867105,6.625751495361328,3196684000,2020-03-02,-0.014921989298930627,0.4385998154749877,32.54399261899951
2020-03-09/2020-03-15,5.974732222369242,6.502222537994385,5.374521016591057,5.998143196105957,3146148000,2020-03-09,-0.09472258349785045,0.4763362876084625,34.0534515043385
2020-03-16/2020-03-22,5.290091309567239,5.736141093471832,4.499853317187117,5.124223232269287,4005020000,2020-03-16,-0.14569841620387214,0.5681013035659912,37.72405214263965
2020-03-23/2020-03-29,5.123227218008279,6.553030107728957,4.9441596073334635,6.294266223907471,3873888000,2020-03-23,0.2283356791074116,0.7531177200832291,45.12470880332916
2020-03-30/2020-04-05,6.359765541677423,6.858865067257388,5.937125520263196,6.074601650238037,3548100000,2020-03-30,-0.034899155176354446,0.756450035853213,45.25800143412852
2020-04-06/2020-04-12,6.356775904106581,6.929842768857639,6.299244915742779,6.548796653747559,2580412000,2020-04-06,0.07806190937490354,0.771476950123527,45.85907800494108
2020-04-13/2020-04-19,6.489023638809924,7.446623407568939,6.400610651116325,7.280259132385254,2580244000,2020-04-13,0.11169418097890005,0.7999359439611307,46.99743775844523
2020-04-20/2020-04-26,7.153739539148925,7.309645293108187,6.6523998619664395,7.21226692199707,2444392000,2020-04-20,-0.009339256907179183,0.7851235651105999,46.404942604423994
2020-04-27/2020-05-03,7.346753587809937,7.576130635658763,6.994347623348934,7.04266357421875,2019464000,2020-04-27,-0.023515955470399752,0.7842754876685366,46.37101950674146
2020-05-04/2020-05-10,6.99534315443708,7.7890678607746375,6.99534315443708,7.782841682434082,1722864000,2020-05-04,0.10509917170045147,0.7510732882527594,45.04293153011038
2020-05-11/2020-05-17,7.777860652267359,8.468231385191919,7.565920228879928,8.458518981933594,3177944000,2020-05-11,0.0868162718797838,0.7675088507554612,45.70035403021845
2020-05-18/2020-05-24,8.727241703442843,9.058484377125433,8.647545490431266,8.991987228393555,3879148000,2020-05-18,0.06306875324148198,0.7384098337534674,44.536393350138695
2020-05-25/2020-05-31,9.121987780936925,9.1468934429903,7.9663958791807925,8.84180736541748,3426824000,2020-05-25,-0.01670152093875965,0.7389212081618863,44.55684832647546
2020-06-01/2020-06-07,8.799716491237003,8.966937271416668,8.625133265614396,8.8901948928833,2052664000,2020-06-01,0.0054725833153836945,0.6872329341319056,42.48931736527622
2020-06-08/2020-06-14,8.847587452303124,9.46825514478124,8.65672761553752,8.902652740478516,2642964000,2020-06-08,0.0014013019675402916,0.5580825066568539,37.32330026627416
2020-06-15/2020-06-21,8.785795280600206,9.413437011648055,8.71453341379192,9.230300903320312,2122592000,2020-06-15,0.03680343066196978,0.38314943185115635,30.325977274046256
2020-06-22/2020-06-28,9.268924225594319,9.610281521790352,9.094509231682238,9.124408721923828,2191104000,2020-06-22,-0.01147223503389716,0.36605424737036285,29.642169894814515
2020-06-29/2020-07-05,9.13910960070317,9.70496287801594,8.870260374063909,9.580131530761719,1400844000,2020-06-29,0.049945461972006555,0.35515907211707487,29.206362884682996
2020-07-06/2020-07-12,9.709196693635228,10.619644469216341,9.680044291077756,10.444232940673828,2031396000,2020-07-06,0.09019723864306939,0.3349653643174279,28.398614572697117
2020-07-13/2020-07-19,10.559596310858286,10.75618660028211,9.752799622118072,10.167410850524902,2014984000,2020-07-13,-0.02650477940518492,0.34655950143388836,28.862380057355537
2020-07-20/2020-07-26,10.239915585743814,10.567071192485503,9.744331183309702,10.160435676574707,1814132000,2020-07-20,-0.0006860324671383866,0.33286610433225694,28.31464417329028
2020-07-27/2020-08-02,10.19805917435,10.730526279833617,10.175135514559727,10.579282760620117,1543236000,2020-07-27,0.04122333897660302,0.29035554349233633,26.614221739693456
2020-08-03/2020-08-09,10.696636403024582,11.466306144698953,10.679443984714649,11.162075996398926,1559812000,2020-08-03,0.05508816135893202,0.2657335468767286,25.629341875069144
2020-08-10/2020-08-16,11.296378130139873,11.682580247060663,10.759677007204086,11.525361061096191,1987616000,2020-08-10,0.032546370837688965,0.2517401309473712,25.069605237894848
2020-08-17/2020-08-23,11.811649281095725,12.765950349767973,11.777763445639556,12.641119003295898,3668628000,2020-08-17,0.09680893607454455,0.2797684638805726,26.190738555222904
2020-08-24/2020-08-30,12.840698355831849,13.104065060151868,12.465705345293538,13.103816032409668,1955648000,2020-08-24,0.03660253724319262,0.27383452086168103,25.95338083446724
2020-08-31/2020-09-06,13.138699399567772,14.6819300726852,11.669129045305858,12.584086418151855,4294980000,2020-08-31,-0.03966246267288587,0.3078194768005295,27.31277907202118
2020-09-07/2020-09-13,11.69878640008038,13.025486301641582,11.668628868001777,12.12747859954834,2867540000,2020-09-07,-0.03628454251115787,0.33652762177123186,28.461104870849276
2020-09-14/2020-09-20,13.041189988553288,13.274477094290067,11.952262746342855,12.152152061462402,3976656000,2020-09-14,0.002034508798472112,0.3309285085512628,28.237140342050512
2020-09-21/2020-09-27,11.888709917895248,12.844291577500536,11.86827212113999,12.83457088470459,3333764000,2020-09-21,0.05615621165623108,0.3333754911115958,28.335019644463834
2020-09-28/2020-10-04,13.000562902438823,13.720864201885407,12.711196429256022,13.022497177124023,2961952000,2020-09-28,0.014642195216934883,0.29958479471320937,26.983391788528376
2020-10-05/2020-10-11,13.195718950444643,14.098961824596449,13.182508924277144,13.720865249633789,2408116000,2020-10-05,0.05362781523474269,0.28783830634353624,26.513532253741452
2020-10-12/2020-10-18,13.946923956456635,14.30483445701729,13.725852372515204,13.7694673538208,1565064000,2020-10-12,0.0035422040303405566,0.28611402677517417,26.444561071006966
2020-10-19/2020-10-25,13.860687988387964,13.940942647700611,13.19148296251484,13.5488920211792,1270840000,2020-10-19,-0.01601916232296341,0.29667567881018636,26.867027152407456
2020-10-26/2020-11-01,13.386141021800452,13.65108226297585,12.262566328767218,12.495854377746582,1700836000,2020-10-26,-0.07772131047959807,0.3498393211414387,28.993572845657546
2020-11-02/2020-11-08,12.619229592342585,14.544354097959005,12.357279530009336,14.517685890197754,1685156000,2020-11-02,0.16180018199089918,0.4708462787480924,33.833851149923696
2020-11-09/2020-11-15,14.508212670449465,14.6467895958849,12.589818331459508,13.256532669067383,2343912000,2020-11-09,-0.0868701272826059,0.4865744438213472,34.46297775285389
2020-11-16/2020-11-22,13.132411731318832,13.607960310940665,13.02523765866418,13.047919273376465,2143752000,2020-11-16,-0.015736648556503252,0.48319318826581986,34.3277275306328
2020-11-23/2020-11-29,13.13116767943789,13.366696632376183,12.845786248557692,13.220890998840332,1135048000,2020-11-23,0.013256652025492421,0.47429241795554267,33.97169671822171
2020-11-30/2020-12-06,13.224630916672167,13.631886804695778,12.932771486384768,13.520980834960938,1269024000,2020-11-30,0.02269815522621954,0.46521900969717506,33.608760387887
2020-12-07/2020-12-13,13.56386361302514,13.69350639302831,12.78775249231432,12.977479934692383,1313492000,2020-12-07,-0.04019685457013855,0.4771973312856104,34.08789325142442
2020-12-14/2020-12-20,13.052021331987167,13.426990207111126,13.034572396275758,13.235518455505371,1259736000,2020-12-14,0.019883561532095362,0.46552013671080783,33.620805468432316
2020-12-21/2020-12-27,13.03881183773621,13.333250233498303,12.903182538590542,12.958030700683594,764940000,2020-12-21,-0.020965386112725692,0.4677158879873519,33.70863551949408
2020-12-28/2021-01-03,13.026593800525333,13.177425373572817,12.72816672890075,13.01911449432373,800756000,2020-12-28,0.004713971980087495,0.4527604047369259,33.110416189477036
2021-01-04/2021-01-10,13.068229351372885,13.614972534629288,12.551405089053157,13.240255355834961,2217832000,2021-01-04,0.016985860413751386,0.4544889937270012,33.17955974908005
2021-01-11/2021-01-17,13.381863973703096,13.922624053204572,12.813181596075031,12.824151039123535,1580748000,2021-01-11,-0.0314272123556929,0.45793234363808244,33.3172937455233
2021-01-18/2021-01-24,12.980471556161469,13.960769900780255,12.808695229598227,13.674808502197266,1069360000,2021-01-18,0.06633245822499823,0.4445027962927337,32.78011185170935
2021-01-25/2021-01-31,13.74386752287208,13.790489088581495,12.758584393690919,12.9540433883667,1286232000,2021-01-25,-0.05270751058157441,0.29580927803822693,26.83237112152908
2021-02-01/2021-02-07,13.0173689240045,13.893453042028312,12.867282328759186,13.553641319274902,1053544000,2021-02-01,0.04628654644206831,0.2566836449287281,25.267345797149126
2021-02-08/2021-02-14,13.689515891627082,15.249218806385759,13.689515891627082,14.920125961303711,2033120000,2021-02-08,0.10082048136285726,0.3236372450900989,27.945489803603955
2021-02-15/2021-02-21,15.022841169340257,15.330244273460584,14.53493793318427,14.885472297668457,1102308000,2021-02-15,-0.002322612002414126,0.3250051638780596,28.000206555122382
2021-02-22/2021-02-28,14.73413981676388,15.09165492149225,13.179922110478243,13.676798820495605,2491352000,2021-02-22,-0.0811981946560183,0.3751771444322577,30.007085777290307
2021-03-01/2021-03-07,13.83686081326145,13.886723564961258,11.647146826988086,12.427247047424316,2111076000,2021-03-01,-0.0913628831915515,0.41545647316530343,31.61825892661214
2021-03-08/2021-03-14,12.415776761591959,13.014879220865792,11.53470526212684,12.825087547302246,1993192000,2021-03-08,0.03201356650911569,0.41923805382065565,31.769522152826227
2021-03-15/2021-03-21,12.833814860693973,13.48001020802936,12.582173435760843,12.814862251281738,1331084000,2021-03-15,-0.0007972885941553987,0.41680851476268643,31.672340590507456
2021-03-22/2021-03-28,12.881698271782794,13.362289317845523,12.24249335010296,12.80837631225586,1424804000,2021-03-22,-0.0005061263163581575,0.41670726352483234,31.668290540993294
2021-03-29/2021-04-04,12.789423678283432,13.836649068616161,12.66946306671944,13.778539657592773,1096776000,2021-03-29,0.07574444423596471,0.44490934739750526,32.79637389590022
2021-04-05/2021-04-11,13.834154669761228,14.436704124469879,13.678529036394863,14.365374565124512,1138288000,2021-04-05,0.04259050103385653,0.44287927584216014,32.7151710336864
2021-04-12/2021-04-18,14.255389020431952,16.175260396689723,14.105250615328751,15.874236106872559,2864724000,2021-04-12,0.10503461186533758,0.4720077421556119,33.88030968622448
2021-04-19/2021-04-25,15.499141107404187,15.769489372927668,14.747948948259221,15.228545188903809,1460616000,2021-04-19,-0.04067540092144695,0.4645181225862295,33.58072490344918
2021-04-26/2021-05-02,15.148486866025387,15.632819134469093,14.96093799310581,14.973407745361328,946892000,2021-04-26,-0.016753894766545763,0.46328211935722263,33.531284774288906
2021-05-03/2021-05-09,15.088632824702747,15.21008996219256,13.976560415682533,14.776631355285645,1323968000,2021-05-03,-0.013141723876226141,0.41627608031989605,31.65104321279584
2021-05-10/2021-05-16,14.751691893065372,14.77039699677237,13.426635785921249,14.20875072479248,1401916000,2021-05-10,-0.038430993968732396,0.42423333983061673,31.969333593224672
2021-05-17/2021-05-23,14.12295954801123,15.185396608759051,13.510684411423444,14.955699920654297,1741820000,2021-05-17,0.052569660086898784,0.39713717116041897,30.88548684641676
2021-05-24/2021-05-30,15.175923534937695,16.238358296527817,15.13951131633023,16.20543670654297,2586676000,2021-05-24,0.0835625743040449,0.35293830659084946,29.11753226363398
2021-05-31/2021-06-06,16.23087513865415,17.618531567781588,15.865006366078582,17.535982131958008,2264100000,2021-05-31,0.08210487933829214,0.37349901266686586,29.939960506674637
2021-06-07/2021-06-13,17.529001604400246,17.900216958481,17.138628103972838,17.78646469116211,1985340000,2021-06-07,0.014283919618486296,0.36937357814346655,29.774943125738663
2021-06-14/2021-06-20,17.867036117076452,19.33283807847117,17.54623517817857,18.598190307617188,2650044000,2021-06-14,0.045637265783256886,0.36448559742327197,29.57942389693088
2021-06-21/2021-06-27,18.395135639529343,19.377741399109176,17.783969153847508,18.98958969116211,2184172000,2021-06-21,0.021045025191758437,0.35151079237714455,29.060431695085782
2021-06-28/2021-07-04,19.319121510042606,20.460636482580096,19.27696376214403,20.442424774169922,2012536000,2021-06-28,0.07650692335306086,0.36493070723113713,29.597228289245486
2021-07-05/2021-07-11,20.6923742430402,20.829576244042507,19.657883530876774,20.006622314453125,1665060000,2021-07-05,-0.02131853067975853,0.33747354311612593,28.498941724645036
2021-07-12/2021-07-18,20.19595885016762,20.48807125144117,18.033674982685085,18.121482849121094,2231580000,2021-07-12,-0.09422577363147278,0.39656255313681715,30.862502125472687
2021-07-19/2021-07-25,17.876272453992758,19.84372662347577,17.8266294164322,19.515439987182617,2074262000,2021-07-19,0.07692290689826908,0.4077879476654852,31.31151790661941
2021-07-26/2021-08-01,19.268983090779827,19.809801295260304,18.70022152493632,19.456575393676758,1029275000,2021-07-26,-0.0030163088070020994,0.40397954734703817,31.159181893881527
2021-08-02/2021-08-08,19.657136987885195,20.687886201830914,19.17818206550595,20.321683883666992,1140496000,2021-08-02,0.04446355396496893,0.3788771108903251,30.155084435613006
2021-08-09/2021-08-15,20.401509736652816,20.46337510200437,19.387721785320753,20.144073486328125,846321000,2021-08-09,-0.008739944896082985,0.384251304968146,30.370052198725844
2021-08-16/2021-08-22,20.091188339703365,20.819601255693943,18.721177651608038,20.770708084106445,2143670000,2021-08-16,0.031107640577444196,0.3622718284894506,29.490873139578028
2021-08-23/2021-08-29,20.925371052132213,22.672559530752437,20.904416836203,22.586746215820312,1763469000,2021-08-23,0.08743265392591426,0.36658999662391384,29.663599864956552
2021-08-30/2021-09-05,22.780319195441102,22.992855028031574,22.07575777292062,22.797313690185547,1192563000,2021-08-30,0.009322612135153285,0.3672610351863093,29.690441407452372
2021-09-06/2021-09-12,22.78733385604332,22.853201839870717,21.933047423413097,22.433046340942383,897773000,2021-09-06,-0.015978520723693213,0.3709684150416172,29.838736601664692
2021-09-13/2021-09-19,22.638632124604968,22.91807281122728,21.786343372729974,21.856203079223633,1114329000,2021-09-13,-0.02571399590371093,0.38116419567827997,30.2465678271312
2021-09-20/2021-09-26,21.10370520742408,22.48993001213596,20.62067401543582,22.036836624145508,1289064000,2021-09-20,0.008264635182383628,0.35289219406453876,29.11568776258155
2021-09-27/2021-10-03,21.666579384536945,21.755402086260048,20.162592306766307,20.700515747070312,1268665000,2021-09-27,-0.06064032237780459,0.37669768734924985,30.067907493969997
2021-10-04/2021-10-10,20.462990723640694,21.279356000810225,19.515889363226243,20.789337158203125,1330296000,2021-10-04,0.004290782520497416,0.30393244357039306,27.15729774281572
2021-10-11/2021-10-17,20.533845603507586,21.88713769511986,20.469972538344614,21.818275451660156,976757000,2021-10-11,0.04949355939667521,0.28085389099859276,26.23415563994371
2021-10-18/2021-10-24,21.705501532705583,23.083737100831723,21.600710090922558,22.680545806884766,934217000,2021-10-18,0.039520555010639,0.2854387023990998,26.417548095963994
2021-10-25/2021-10-31,22.927052272285216,25.657585359165097,22.724459167024005,25.515869140625,1488830000,2021-10-25,0.12501124787215478,0.3648526000866896,29.594104003467585
2021-11-01/2021-11-07,25.597701356792015,31.33719807733602,25.17654448689096,29.692495346069336,2804653000,2021-11-01,0.16368739714198233,0.4632948641020214,33.531794564080855
2021-11-08/2021-11-14,30.08870279475301,32.24538377071297,28.720445741430538,30.3292179107666,2531279000,2021-11-08,0.021443888675444445,0.4640802215912667,33.56320886365067
2021-11-15/2021-11-21,30.490895063626596,33.021823871138935,28.74239995571456,32.919029235839844,2393479000,2021-11-15,0.08538998047008262,0.46298337973686243,33.5193351894745
2021-11-22/2021-11-28,33.449964882586336,34.577705968394476,30.818239336844954,31.43999671936035,2004729000,2021-11-22,-0.044929408637276236,0.489488005549804,34.57952022199216
2021-11-29/2021-12-05,32.30127147962138,33.345177180046036,30.07342199392584,30.635366439819336,2578613000,2021-11-29,-0.025592568813645356,0.494066150666543,34.76264602666173
2021-12-06/2021-12-12,29.823893662476696,32.388069797769525,27.98535331928716,30.141292572021484,2704874000,2021-12-06,-0.016127565138429723,0.48948880440335524,34.579552176134214
2021-12-13/2021-12-19,30.192200470205613,31.10149226422885,27.198828121818575,27.748798370361328,3384800000,2021-12-13,-0.0793759655775671,0.5386924706783112,36.54769882713245
2021-12-20/2021-12-26,27.253731817980952,30.002556804799386,27.094032389907298,29.58434295654297,1724438000,2021-12-20,0.06614861521867543,0.5108511167408022,35.43404466963209
2021-12-27/2022-01-02,29.60430539650839,31.27117091775834,29.275922316693343,29.355772018432617,1742810000,2021-12-27,-0.00772607789350277,0.5145772412984465,35.58308965193786
2022-01-03/2022-01-09,29.75901650492273,30.653333982242014,27.00619325798991,27.195837020874023,2280890000,2022-01-03,-0.07357786387639065,0.5562242745246826,37.24897098098731
2022-01-10/2022-01-16,26.531084683751956,28.541304091564665,25.595843939583116,26.891407012939453,2318186000,2022-01-10,-0.011193992951969323,0.5583235122400524,37.332940489602095
2022-01-17/2022-01-23,26.210686707549606,26.58797712217777,23.219317018447754,23.330108642578125,2066724000,2022-01-17,-0.1324325785053836,0.5795300700252147,38.181202801008595
2022-01-24/2022-01-30,22.288070327962895,24.011825408045205,20.848778570710763,22.7971134185791,3451684000,2022-01-24,-0.02284580977159667,0.43586323195295734,32.43452927811829
2022-01-31/2022-02-06,23.13846563430385,25.768520179599825,23.008710599499196,24.273332595825195,2392031000,2022-01-31,0.06475465336953623,0.46379291929314187,33.55171677172568
2022-02-07/2022-02-13,24.326233838969966,26.874437353913997,23.728357848359828,23.90402603149414,2430181000,2022-02-07,-0.015214497756874668,0.40260025883445105,31.10401035337804
2022-02-14/2022-02-20,23.889060617701414,26.532079871446633,23.0566245770059,23.597606658935547,3444819000,2022-02-14,-0.01281873489239338,0.4005707235005626,31.022828940022503
2022-02-21/2022-02-27,22.991747808409354,24.171523913284446,20.85077063095115,24.111637115478516,2464600000,2022-02-21,0.02178316063880681,0.41066832051747276,31.426732820698913
2022-02-28/2022-03-06,23.946948828939572,24.61868541660264,22.443600757003157,22.896825790405273,2075527000,2022-02-28,-0.050382780698594365,0.4159999724254102,31.639998897016408
2022-03-07/2022-03-13,22.778034872590876,23.180346610441433,20.6147357181617,22.06226348876953,2296305000,2022-03-07,-0.03644882086605461,0.3967098883479781,30.868395533919127
2022-03-14/2022-03-20,21.831650498986598,26.523626588900953,21.122863986822114,26.40782356262207,2751432000,2022-03-14,0.19696800720672125,0.5787860315293176,38.15144126117271
2022-03-21/2022-03-27,26.461731433617647,28.30956968933886,25.531324056699113,27.64470672607422,3097249000,2022-03-21,0.04683775474790908,0.5893308280223626,38.5732331208945
2022-03-28/2022-04-03,27.708603888686447,28.89656513363498,26.22214022442075,26.666379928588867,2418640000,2022-03-28,-0.03538929919493783,0.5725417236916287,37.90166894766515
2022-04-04/2022-04-10,26.682357489080253,27.51094002983232,23.022619305237257,23.07952117919922,2620341000,2022-04-04,-0.13450864943029628,0.638805736217335,40.5522294486934
2022-04-11/2022-04-17,22.17606367480143,22.73810384262481,21.12685977186601,21.221696853637695,2323505000,2022-04-11,-0.08049665810380491,0.5993509341248653,38.974037364994615
2022-04-18/2022-04-24,21.163797337042734,22.631285322979373,19.466702324590383,19.48167610168457,2788378000,2022-04-18,-0.08199253640996484,0.620052236119363,39.80208944477452
2022-04-25/2022-05-01,19.16920986462342,20.09362275429521,18.258766021013585,18.515323638916016,2864931000,2022-04-25,-0.049603147990177066,0.6004902855364325,39.0196114214573
2022-05-02/2022-05-08,18.509336841963925,20.365157891413187,17.95927314773998,18.643102645874023,2956283000,2022-05-02,0.006901257004735095,0.6029564531610754,39.11825812644302
2022-05-09/2022-05-15,18.003203301702413,18.223824660850457,15.540416452473458,17.675765991210938,3455261000,2022-05-09,-0.051887106617265255,0.6070153443636912,39.280613774547646
2022-05-16/2022-05-22,17.479100500246304,18.339624955803732,15.728096349774141,16.66549301147461,3012852000,2022-05-16,-0.057155824547500456,0.6031375627463883,39.12550250985554
2022-05-23/2022-05-29,16.24620947993144,18.84875358568078,15.753050560952556,18.778873443603516,3744525000,2022-05-23,0.12681175592427962,0.6790436874501081,42.16174749800433
2022-05-30/2022-06-05,18.947586503994447,19.58549466085243,18.09105163821,18.688030242919922,2456049000,2022-05-30,-0.004837521321841454,0.6769579069447692,42.078316277790776
2022-06-06/2022-06-12,19.10631161523933,19.303973396798668,16.84375075862806,16.94859504699707,2035394000,2022-06-06,-0.0930775032634511,0.5056072020424742,35.22428808169897
2022-06-13/2022-06-19,15.976055199133983,16.84275324285454,15.305057850955519,15.856231689453125,2813852000,2022-06-13,-0.06445155805038183,0.4735153704356418,33.94061481742567
2022-06-20/2022-06-26,16.45034484868398,17.11434939517261,15.829268379884967,17.100370407104492,1856057000,2022-06-20,0.07846370701551453,0.5375041938823776,36.50016775529511
2022-06-27/2022-07-03,17.286089668284855,17.30406237753292,14.370460116526674,14.501263618469238,2635149000,2022-06-27,-0.15199125672479197,0.5539658186721752,37.15863274688701
2022-07-04/2022-07-10,14.15378316395929,16.01299732041697,14.033962893267983,15.814294815063477,2141338000,2022-07-04,0.09054598489761423,0.6004375256530338,39.01750102612135
2022-07-11/2022-07-17,15.502760895949281,15.758379568003257,14.44334896497708,15.738409996032715,2259892000,2022-07-11,-0.004798495280262549,0.584678883275903,38.387155331036126
2022-07-18/2022-07-24,16.277599846502987,18.11684080550693,15.978049636625952,17.29307746887207,3227141000,2022-07-18,0.09878173673396806,0.623009360931944,39.92037443727776
2022-07-25/2022-07-31,16.99352440778803,18.216696637168628,16.453335120982523,18.135818481445312,2358495000,2022-07-25,0.048732853599377846,0.6319277967816316,40.27711187126526
2022-08-01/2022-08-07,18.154787499892723,19.245154773313814,17.9630754163842,18.96057891845703,2179862000,2022-08-01,0.04547687979208259,0.6256890022651257,40.02756009060503
2022-08-08/2022-08-14,17.475804062122087,18.689985155231977,16.69897089551826,18.680997848510742,3234965000,2022-08-08,-0.014745386791651827,0.6104128708560119,39.41651483424047
2022-08-15/2022-08-21,18.67300938695692,19.135315733971453,17.743400573791206,17.822282791137695,2212740000,2022-08-15,-0.04596730133671656,0.5620498461527647,37.48199384611058
2022-08-22/2022-08-28,17.463821727849037,17.920138013113437,16.2126961703549,16.23566246032715,2842058000,2022-08-22,-0.08902452897894253,0.5909971125959899,38.639884503839596
2022-08-29/2022-09-04,15.996022498598261,16.31354541940779,13.25013995615082,13.626575469970703,3522045000,2022-08-29,-0.160700987516334,0.6505115572443108,41.020462289772425
2022-09-05/2022-09-11,13.710448779444814,14.45663217073669,13.329985636577405,14.369736671447754,2159893000,2022-09-05,0.054537635161143516,0.6541547095451553,41.16618838180621
2022-09-12/2022-09-18,14.3517581199462,14.529544023025807,12.601860071928924,13.18216323852539,2981998000,2022-09-12,-0.0826440637066117,0.6437724908422955,40.750899633691816
2022-09-19/2022-09-25,12.99638795831905,14.01416414721641,12.24229229089388,12.500981330871582,3324653000,2022-09-19,-0.05167451618737562,0.5750088683247223,38.000354732988896
2022-09-26/2022-10-02,12.476011349742599,12.807613887508177,11.93166612856818,12.124433517456055,2742012000,2022-09-26,-0.030121460343727646,0.5289922372774418,36.15968949109768
2022-10-03/2022-10-09,12.332185359057721,13.639613297811657,12.007574030916151,12.061509132385254,2955426000,2022-10-03,-0.005189882478237484,0.5289419824803545,36.15767929921418
2022-10-10/2022-10-16,12.022554573324271,12.109450061368408,10.800025128253889,11.21352767944336,3422306000,2022-10-10,-0.07030475570134564,0.46343917198318224,33.53756687932729
2022-10-17/2022-10-23,11.504179495701797,12.753676857079665,11.503181244233529,12.451041221618652,3025159000,2022-10-17,0.11035898582066217,0.5283251478662416,36.133005914649665
2022-10-24/2022-10-30,12.492990972974244,13.833379617190074,12.049523522041948,13.817398071289062,2660045000,2022-10-24,0.10973836045920526,0.5846934718041783,38.387738872167134
2022-10-31/2022-11-06,13.761468377005327,14.211924687913195,12.940451770290125,14.139012336730957,2704427000,2022-10-31,0.023276036760507823,0.5925287542918332,38.70115017167333
2022-11-07/2022-11-13,14.210924969876425,16.36933325391358,13.742491138897813,16.30740737915039,2816073000,2022-11-07,0.15336255395903997,0.6884534249388778,42.538136997555114
2022-11-14/2022-11-20,16.198538674053413,16.977598364539208,15.101856830467838,15.390510559082031,2926241000,2022-11-14,-0.05622578738301742,0.6723209372692049,41.8928374907682
2022-11-21/2022-11-27,15.128822259004963,16.507169659451346,15.061902277686427,16.25047492980957,1472780000,2022-11-21,0.05587627307269982,0.5719871652444903,37.87948660977962
2022-11-28/2022-12-04,16.00676784560978,17.24869083164511,15.501376850924105,16.860061645507812,2009789000,2022-11-28,0.037511932317745744,0.567870366769204,37.71481467076816
2022-12-05/2022-12-11,16.663247742100303,17.56639249733036,15.652203194730875,16.984941482543945,2058131000,2022-12-05,0.007406843442319566,0.5229651447548697,35.91860579019479
2022-12-12/2022-12-18,17.020911352868033,18.772253906847382,16.39450210101548,16.555349349975586,2567579000,2022-12-12,-0.0252925294449714,0.507657316867538,35.306292674701524
2022-12-19/2022-12-25,16.556351785197375,16.611298778563597,14.867943401496623,15.191637992858887,1996695000,2022-12-19,-0.0823728529243456,0.5451656477870971,36.806625911483884
2022-12-26/2023-01-01,15.059764142824474,15.085739610722163,13.87088541917304,14.600197792053223,1481381000,2022-12-26,-0.038931957244089266,0.5573666312926093,37.29466525170437
2023-01-02/2023-01-08,14.836974338861145,14.99582333867336,14.020745334784726,14.844965934753418,1626813000,2023-01-02,0.016764714162531558,0.5198459713239969,35.79383885295988
2023-01-09/2023-01-15,15.26956527336169,16.906018468034198,15.12669972895464,16.883039474487305,2240313000,2023-01-09,0.13729055012262248,0.5430230173160814,36.72092069264326
2023-01-16/2023-01-22,16.88304243708615,17.856117981324587,16.715196300551828,17.82215690612793,1968625000,2023-01-16,0.055624902912758456,0.5156033582049171,35.62413432819669
2023-01-23/2023-01-29,18.046939851336912,20.608516233257916,17.801173785335894,20.34576416015625,2632581000,2023-01-23,0.14159942970542527,0.5710089657258618,37.84035862903447
2023-01-30/2023-02-05,19.931159638223047,21.92827065743993,18.93210531346682,21.0800724029541,2640747000,2023-01-30,0.036091455549055684,0.5027973644047589,35.11189457619035
2023-02-06/2023-02-12,20.78634860687831,22.998260149633165,20.766367039433767,21.24491310119629,2750611000,2023-02-06,0.007819740610524928,0.4713124559329277,33.85249823731711
2023-02-13/2023-02-19,21.51766161395903,23.027228111755473,20.94220532159932,21.367799758911133,2448882000,2023-02-13,0.005784286202042521,0.4693984873167767,33.77593949267107
2023-02-20/2023-02-26,20.98016385190775,23.86543861130623,20.401715971932948,23.264007568359375,2630910000,2023-02-20,0.0887413692959873,0.48764345688916105,34.50573827556644
2023-02-27/2023-03-05,23.64764464547648,23.8774300553532,22.41081376086851,23.86743927001953,2170791000,2023-02-27,0.025938424404609695,0.48524645791175436,34.40985831647018
2023-03-06/2023-03-12,23.868438998083167,24.435051788763875,22.7083932455894,22.947208404541016,2442279000,2023-03-06,-0.03855591104968015,0.49320860215363843,34.72834408614554
2023-03-13/2023-03-19,22.734374845424707,26.37854811527238,22.27972740992486,25.70507049560547,2853086000,2023-03-13,0.12018290166043477,0.4544396289600771,33.17758515840309
2023-03-20/2023-03-26,25.595151486521146,27.567626309324265,25.110526688397965,26.758251190185547,2797259000,2023-03-20,0.04097171002740985,0.4118496268533636,31.473985074134546
2023-03-27/2023-04-02,26.81620731669709,27.812434858242728,25.82997222376829,27.75547981262207,1909273000,2023-03-27,0.0372680791187987,0.4054394920904251,31.217579683617004
2023-04-03/2023-04-09,27.487688485526352,27.978307311137023,26.374548778869844,27.01605224609375,1679977000,2023-04-03,-0.026640777659770798,0.39131901046446543,30.652760418578616
2023-04-10/2023-04-16,26.802221381808444,27.768468337867095,26.199683291915306,26.737266540527344,1905191000,2023-04-10,-0.010319261416394276,0.40373658738765755,31.149463495506303
2023-04-17/2023-04-23,26.544419300210514,28.08822261514071,26.412521597702874,27.097984313964844,2057759000,2023-04-17,0.013491198619377753,0.3254279427756536,28.017117711026145
2023-04-24/2023-04-30,26.99207454292537,27.73649090617928,26.20468044143942,27.72749900817871,1793523000,2023-04-24,0.02323105242515955,0.3244676693017878,27.97870677207151
2023-05-01/2023-05-07,27.818429302087736,29.03548598905162,27.218892692514583,28.657779693603516,2039790000,2023-05-01,0.03355083288075855,0.32282165902902754,27.9128663611611
2023-05-08/2023-05-14,28.499903631542722,29.197362851694706,28.02426991669217,28.318042755126953,1625569000,2023-05-08,-0.011854963716969036,0.3300853729093025,28.2034149163721
2023-05-15/2023-05-21,28.485909993610434,31.8033391347446,28.1301868465502,31.23978042602539,2398499000,2023-05-15,0.10317583373128647,0.3443886246013874,28.7755449840555
2023-05-22/2023-05-28,30.877055582356494,39.44941078052054,29.78290810719129,38.91582107543945,3707980000,2023-05-22,0.24571365562541758,0.5727572328427152,37.91028931370861
2023-05-29/2023-06-04,40.56354015247496,41.905497835182004,37.792691946795934,39.296531677246094,3044585000,2023-05-29,0.009782926102692935,0.5480530285922253,36.92212114368901
2023-06-05/2023-06-11,38.87885366395156,39.68433913025439,37.33091334669172,38.74397277832031,2142310000,2023-06-05,-0.014061263814936886,0.535826007712602,36.43304030850408
2023-06-12/2023-06-18,39.173681765722975,43.69164616054712,38.59207179032555,42.66333770751953,2966705000,2023-06-12,0.10116063604588188,0.5523163853438653,37.09265541375461
2023-06-19/2023-06-25,42.969137333828364,43.96047200197597,41.986790256637725,42.180660247802734,1778633000,2023-06-19,-0.01131363568002608,0.5634477487116711,37.53790994846685
2023-06-26/2023-07-02,42.432491709500844,42.73528968879071,40.07307674112564,42.27359390258789,2520798000,2023-06-26,0.00220322902105341,0.5508652384007944,37.03460953603178
2023-07-03/2023-07-09,42.488459396828546,43.184997199518904,41.318249487807336,42.47447204589844,1181290000,2023-07-03,0.004751858660832831,0.5451699120944731,36.806796483778925
2023-07-10/2023-07-16,42.628364774631706,48.055717801832095,41.62103823775749,45.4384765625,2383708000,2023-07-10,0.06978319856215331,0.5440162848449043,36.760651393796174
2023-07-17/2023-07-23,46.25792415993447,47.86384680143078,44.070391777518616,44.27925109863281,3008788000,2023-07-17,-0.025511979088310488,0.5629391427028761,37.51756570811504
2023-07-24/2023-07-30,44.70096991726032,47.363181660556975,44.01043572473537,46.71861267089844,1882004000,2023-07-24,0.055090398137762175,0.563145566356341,37.525822654253645
2023-07-31/2023-08-06,46.722612762047206,47.09835978102498,43.357872868108224,44.65000534057617,1705897000,2023-07-31,-0.044278012810316736,0.5820944365125029,38.28377746050012
2023-08-07/2023-08-13,45.08071461988879,45.509427463028686,40.611713480681736,40.82756805419922,2288236000,2023-08-07,-0.08560888755153795,0.6188419454382624,39.7536778175305
2023-08-14/2023-08-20,40.458823690896786,45.23761094961256,40.28394192269049,43.269927978515625,2930412000,2023-08-14,0.05982134231150238,0.3820039974460131,30.280159897840527
2023-08-21/2023-08-27,44.464131107978915,50.23224964652598,44.19231433927529,45.98711013793945,4308297000,2023-08-21,0.06279608694456251,0.39739227832897644,30.895691133159062
2023-08-28/2023-09-03,46.45079089513967,49.893483474805294,44.85786313408847,48.47643280029297,3114195000,2023-08-28,0.05413087830234886,0.3995152284860575,30.9806091394423
2023-09-04/2023-09-10,48.190621199909984,48.81820170710798,45.12541238318815,45.54515838623047,1757722000,2023-09-04,-0.060468030437354825,0.38623470696734863,30.449388278693945
2023-09-11/2023-09-17,46.12081612132712,46.13580667584193,43.78218921317514,43.87413787841797,2098505000,2023-09-11,-0.036689311597996266,0.39535966183642257,30.814386473456906
2023-09-18/2023-09-24,42.722820575587484,44.21594002292978,40.95586285623428,41.585487365722656,2170415000,2023-09-18,-0.0521639996445632,0.4127769969363721,31.511079877454886
2023-09-25/2023-10-01,41.566499482257406,44.11799774453881,41.15274189436024,43.4733772277832,2088801000,2023-09-25,0.0453978053799764,0.42345844238367125,31.938337695346853
2023-10-02/2023-10-08,44.00406311143919,45.762030910222144,43.22052325615126,45.73504638671875,2093888000,2023-10-02,0.05202423421316693,0.41177511995768307,31.471004798307323
2023-10-09/2023-10-15,44.8155843904291,47.58095729211939,44.341864581232265,45.4342155456543,2111834000,2023-10-09,-0.006577687459213166,0.40765077912268366,31.30603116490735
2023-10-16/2023-10-22,45.036454627581854,46.19776888197393,41.053797621487206,41.36261749267578,2793225000,2023-10-16,-0.08961523829738394,0.43186100566395236,32.2744402265581
2023-10-23/2023-10-29,41.20471789682862,43.67125606240389,39.85650966502812,40.476139068603516,2236157000,2023-10-23,-0.021431874426932396,0.42546892204568654,32.018756881827464
2023-10-30/2023-11-05,41.062806789213255,45.28230687928524,39.20688773913261,44.97848892211914,2177372000,2023-10-30,0.1112346670685298,0.44917915262422103,32.96716610496884
2023-11-06/2023-11-12,45.25832729646328,48.443446517904555,44.87255306180776,48.30652618408203,2052358000,2023-11-06,0.07399175342963238,0.457519460864841,33.30077843459364
2023-11-13/2023-11-19,48.29153187815876,49.93057048121235,48.07066140972394,49.26896286010742,1941548000,2023-11-13,0.01992353315487483,0.44307467743440676,32.722987097376276
2023-11-20/2023-11-26,49.28294913133964,50.51822102854622,47.66190132877574,47.747859954833984,2173932000,2023-11-20,-0.030873450890216758,0.43604383002343267,32.44175320093731
2023-11-27/2023-12-03,47.771840126632874,48.7332761674738,46.15979103624818,46.737449645996094,2074722000,2023-11-27,-0.021161373720071763,0.41738540432384763,31.69541617295391
2023-12-04/2023-12-10,46.04985595451796,47.71707199991906,44.9834831764298,47.4821891784668,1899898000,2023-12-04,0.015934535112882564,0.40759023585261,31.3036094341044
2023-12-11/2023-12-17,47.46719926720655,49.379236076134234,45.80703244000096,48.86549377441406,2201087000,2023-12-11,0.029133125912707447,0.3853340456832064,30.41336182732826
2023-12-18/2023-12-24,49.37524392106738,50.40772334929845,48.07389338703891,48.8055305480957,1827857000,2023-12-18,-0.0012271077540969566,0.38003736771959085,30.201494708783635
2023-12-25/2023-12-31,48.94345801373731,49.97194517562977,48.726567424201626,49.4971809387207,1113728000,2023-12-25,0.01417155766687972,0.3686954438623838,29.74781775449535
2024-01-01/2024-01-07,49.21931693922932,49.522166721608514,47.29628263742881,49.072391510009766,1453724000,2024-01-01,-0.008582093376930722,0.36908813846712896,29.76352553868516
2024-01-08/2024-01-14,49.48719047480535,55.3182646237258,49.45420606560053,54.68257522583008,2899159000,2024-01-08,0.11432464453410529,0.35911205524879447,29.36448220995178
2024-01-15/2024-01-21,54.990429652443055,59.470179816121735,54.71257199394214,59.461185455322266,1959125000,2024-01-15,0.08738817090741091,0.3645489344972594,29.581957379890376
2024-01-22/2024-01-28,60.01890220827391,62.81750357026873,58.555638180668645,61.00041198730469,2180966000,2024-01-22,0.02588624024556263,0.3191971401950707,27.76788560780283
2024-01-29/2024-02-04,61.20130919891072,66.56662061369005,60.66958101504,66.12684631347656,2058987000,2024-01-29,0.08403933939395003,0.32684641280741883,28.073856512296757
2024-02-05/2024-02-11,68.19080896214494,72.14883870113421,66.26677937017486,72.09687042236328,2709823000,2024-02-05,0.09028139767297572,0.35113744123773566,29.04549764950943
2024-02-12/2024-02-18,72.56361295434608,74.57360667156944,69.58512632462431,72.57659912109375,2636656000,2024-02-12,0.00665394622429627,0.32655712975503876,28.06228519020155
2024-02-19/2024-02-25,71.91094295214619,82.35271526115802,66.21480102707116,78.77751159667969,3073076000,2024-02-19,0.08543955697400119,0.3128337479371411,27.513349917485645
2024-02-26/2024-03-03,79.66006525277888,82.25874801625466,77.08635205553938,82.23775482177734,2275212000,2024-02-26,0.04392425141343881,0.3057650456854909,27.230601827419637
2024-03-04/2024-03-10,84.08782752325428,97.3557607121787,83.3791168960246,87.48824310302734,3469163000,2024-03-04,0.06384522890524758,0.3043791433550215,27.17516573420086
2024-03-11/2024-03-17,86.38973231212468,91.9182296909345,84.1277600056999,87.7970962524414,3226556000,2024-03-11,0.0035302246160133777,0.3006951754049029,27.027807016196117
2024-03-18/2024-03-24,90.34693832973477,94.73493865721083,84.97139148245876,94.24616241455078,2887301000,2024-03-18,0.07345420791100521,0.29164373336117666,26.665749334447067
2024-03-25/2024-03-31,93.89832441902517,96.72203796887115,89.0825202595378,90.31494903564453,2087063000,2024-03-25,-0.041712185177518735,0.3316534640743202,28.266138562972813
2024-04-01/2024-04-07,90.25797890351257,92.18309875741171,85.84097663074387,87.96802520751953,2090215000,2024-04-01,-0.025985995155671793,0.33774202342158954,28.50968093686358
2024-04-08/2024-04-14,88.65970382216,90.69777431894295,82.98427507127602,88.14594268798828,2075291000,2024-04-08,0.0020225244348617277,0.3294350581042838,28.177402324171354
2024-04-15/2024-04-21,89.05751457655467,90.5718255697764,75.57166564195786,76.16539001464844,2631388000,2024-04-15,-0.13591723348796225,0.48458093460000595,34.38323738400024
2024-04-22/2024-04-28,78.0685134774025,88.29088993799844,76.36529285459991,87.69515991210938,2522760000,2024-04-22,0.15137807205140663,0.5428916013678656,36.71566405471462
2024-04-29/2024-05-05,87.55519599326094,89.24043810826264,81.21807385271738,88.74866485595703,2088782000,2024-04-29,0.012013262133320879,0.523461860022933,35.93847440091733
2024-05-06/2024-05-12,89.34939372661962,92.17811002124398,88.19091589664993,89.83717346191406,1852604000,2024-05-06,0.01226507021512635,0.5229213350289222,35.91685340115689
2024-05-13/2024-05-19,90.43689954348851,95.7754751109485,88.4887873274781,92.43699645996094,1687565000,2024-05-13,0.028939278673421942,0.5025063679045058,35.10025471618023
2024-05-20/2024-05-26,93.70742273768889,106.42662538840617,93.13766755607001,106.4206314086914,2460917000,2024-05-20,0.15127746989039692,0.5754601812131597,38.01840724852639
2024-05-27/2024-06-02,110.19392203047549,115.76638234537347,106.89142114521177,109.58319854736328,2307986000,2024-05-27,0.02971761299297815,0.5688023362123871,37.752093448495486
2024-06-03/2024-06-09,113.56938260132851,125.5299513206976,111.95211383768398,120.83308410644531,2447200000,2024-06-03,0.10266067890160802,0.5907997132173306,38.63198852869323
2024-06-10/2024-06-16,120.31531947295237,132.79055149165183,116.95684528802722,131.83091735839844,1405605200,2024-06-10,0.09101673877880012,0.5979922334997136,38.91968933998855
2024-06-17/2024-06-23,132.94052101290185,140.70760447472028,124.25374396453276,126.52289581298828,1750053700,2024-06-17,-0.04026385958446799,0.5971613334394109,38.88645333757644
2024-06-24/2024-06-30,123.19411994547033,128.0723121328984,117.99605877326907,123.4940185546875,1821317800,2024-06-24,-0.023939360847207602,0.5962429400540188,38.84971760216075
2024-07-01/2024-07-07,123.42404550019782,128.80205294716893,118.78577312531401,125.78317260742188,933185200,2024-07-01,0.01853655812261601,0.5933327528085584,38.73331011234234
2024-07-08/2024-07-14,127.44254788203128,136.09932057175976,126.99271841631584,129.19189453125,1399485700,2024-07-08,0.02709998367163924,0.4545764805931327,33.18305922372531
2024-07-15/2024-07-21,130.51140270339172,131.34109560506872,116.51661668353269,117.8861083984375,1351385200,2024-07-15,-0.08751157473023796,0.466440960133372,33.65763840533488
2024-07-22/2024-07-28,120.3052034521371,124.64359711208203,106.26044237682176,113.01791381835938,1513222900,2024-07-22,-0.04129574422479321,0.4871790750514886,34.487163002059546
2024-07-29/2024-08-04,113.64767861053163,120.11528690507727,101.3322740328123,107.23007202148438,2213649400,2024-07-29,-0.05121172034883892,0.5107556385166365,35.43022554066546
2024-08-05/2024-08-11,92.02573599453234,108.75951041282163,90.65625074239716,104.71102142333984,2056049100,2024-08-05,-0.023492016284758388,0.5166311544034062,35.66524617613625
2024-08-12/2024-08-18,106.28042397102533,124.95347986245288,106.22044874545279,124.53363800048828,1598129600,2024-08-12,0.18930783319367017,0.5683274918407073,37.73309967362829
2024-08-19/2024-08-25,124.23374212691918,130.70134013517236,123.05418563063326,129.32183837890625,1575724000,2024-08-19,0.03844905244315755,0.5696212553007258,37.784850212029035
2024-08-26/2024-09-01,129.5217841101186,131.2111423152786,116.66656437657561,119.32557678222656,1869975300,2024-08-26,-0.07729755254012982,0.5642692440615121,37.570769762460486
2024-09-02/2024-09-08,115.96682960430755,116.16675212470322,100.9124275647732,102.79173278808594,1570114200,2024-09-02,-0.13856077163000424,0.5939225595585036,38.756902382340144
2024-09-09/2024-09-15,104.8409619618805,120.75537880467239,103.65141005409866,119.06585693359375,1588029100,2024-09-09,0.15832133289413775,0.6934852724832441,42.73941089932977
2024-09-16/2024-09-22,116.75652026497235,119.62569217684339,113.18754300284537,115.96674346923828,1466985900,2024-09-16,-0.02602856557009392,0.6938259974925337,42.75303989970135
2024-09-23/2024-09-29,116.51659472951452,127.63339688941237,114.82707671663402,121.36520385742188,1419480300,2024-09-23,0.04655179775411744,0.7000052672870952,43.00021069148381
2024-09-30/2024-10-06,118.27608190267567,125.00415413490973,115.10699751736388,124.88418579101562,1271290200,2024-09-30,0.028994982266315805,0.7003478206868834,43.01391282747534
2024-10-07/2024-10-13,124.95417447518639,135.74108264717918,124.91418502432315,134.76136779785156,1290685100,2024-10-07,0.07909073470170735,0.686141907059226,42.445676282369035
2024-10-14/2024-10-20,136.43089368651033,140.84961880375567,128.70310551155586,137.96043395996094,1357584500,2024-10-14,0.02373874808771692,0.6740614652593654,41.96245861037461
2024-10-21/2024-10-27,138.090405825162,144.37860733596548,137.42060018656866,141.49942016601562,1154273100,2024-10-21,0.025652182328462114,0.6540135457769105,41.16054183107642
2024-10-28/2024-11-03,142.95900585061392,143.0989651063051,132.07213151004177,132.72193908691406,780638000,2024-10-28,-0.062031922595889744,0.6727483677138727,41.909934708554914
