Ticker,Stock_Name,Strategy,Description,Final_Capital,Total_Return_%,Annualized_Return_%,Max_Drawdown_%,Win_Rate_%,Avg_Win,Avg_Loss,Total_Trades,Years,Blown_Up,Over_100%
TSLA,Tesla,Daily_ATM_Aggressive,"Daily ATM puts, 2x leverage, high frequency",477484.6469434707,854.9692938869415,47.30090623340983,-7.452353365742614,77.52043596730245,644.3887521090925,-926.756827141443,1468,5.8261464750171115,NO,NO
TSLA,Tesla,Daily_ITM_Premium_Hunter,Daily In-the-Money puts for maximum premium,457943.71751279675,815.8874350255935,46.24822856270654,-3.793161293268145,77.52043596730245,492.8458646670782,-463.3784135707215,1468,5.8261464750171115,NO,NO
TSLA,Tesla,Daily_Scalper_3x,"Daily trades, 3x contracts, quick gains",680723.3342966053,1261.4466685932107,56.54525608295009,-9.018903238726093,86.78474114441417,705.1836619343658,-1379.7971701431773,1468,5.8261464750171115,NO,NO
TSLA,Tesla,Weekly_Leveraged_5x,Weekly with 5x leverage - maximum aggression,749466.4980895575,1398.932996179115,59.46613005585783,-4.173539586001978,94.53924914675767,2657.992248749929,-2299.8346758857647,293,5.801505817932923,NO,NO
TSLA,Tesla,Daily_Momentum_Rider,Daily puts only when stock trending up (momentum),213590.95707680116,327.1819141536023,28.40905120447099,-6.091374551264593,80.9462915601023,451.3340682306354,-819.4866316321542,782,5.806981519507187,NO,NO
TSLA,Tesla,Daily_High_Vol_Max_Premium,"Daily puts only when VIX>25, max contracts",904969.2938869414,1709.938587773883,64.38624252762679,-10.145930874043968,77.52043596730245,1288.777504218185,-1853.513654282886,1468,5.8261464750171115,NO,NO
TSLA,Tesla,Daily_Close_ITM,Daily 1% ITM for higher premium,704335.6967233629,1308.671393446726,57.46416671731818,-6.182338904396091,77.52043596730245,843.7306236204213,-926.756827141443,1468,5.8261464750171115,NO,NO
TSLA,Tesla,Wheel_Strategy_Aggressive,"Sell puts, get assigned, sell calls (simulated)",376659.18975725403,653.318379514508,41.632837131039956,-0.8200177317675365,98.63481228668942,1140.3991824448044,-729.0434923235747,293,5.801505817932923,NO,NO
TSLA,Tesla,Daily_Range_Bound,Daily puts when stock pulls back 2%+ (buy the dip),516384.92746660794,932.7698549332158,49.29443101398323,-10.482027485797481,86.07714016933208,741.5833108065407,-1433.539202171463,1063,5.8261464750171115,NO,NO
TSLA,Tesla,Daily_Compounding_Beast,"Daily ATM, reinvest ALL profits, compound aggressively",2187423.234717354,4274.8464694347085,91.27355050866103,-12.955514412301742,77.52043596730245,3221.9437605454623,-4633.784135707215,1468,5.8261464750171115,NO,NO
TSLA,Tesla,Weekly_All_In_Risk,"Weekly ATM, use 100% of capital every trade",1211148123.4304755,2422196.2468609507,469.77718084496195,-9.109840538393147,90.78498293515358,4657618.435136943,-1030680.7524426547,293,5.801505817932923,NO,YES
TSLA,Tesla,Daily_Volatility_Harvester,"Daily 0.5% ITM during high vol, more contracts",1146636.1987457026,2193.272397491405,71.20193061911174,-8.913105545814634,77.52043596730245,1496.6987135781294,-1838.2028403218426,1468,5.8261464750171115,NO,NO
NVDA,NVIDIA,Daily_ATM_Aggressive,"Daily ATM puts, 2x leverage, high frequency",123155.86549810525,146.3117309962105,16.73323377969278,-2.419915240864937,77.86103542234332,98.18976891921358,-120.23089346632577,1468,5.8261464750171115,NO,NO
NVDA,NVIDIA,Daily_ITM_Premium_Hunter,Daily In-the-Money puts for maximum premium,121193.53249051173,142.38706498102346,16.41185635055318,-0.9565777462265939,77.86103542234332,79.37974862536261,-60.115446733162884,1468,5.8261464750171115,NO,NO
NVDA,NVIDIA,Daily_Scalper_3x,"Daily trades, 3x contracts, quick gains",161484.07129720808,222.96814259441615,22.290349903140072,-1.748074466558773,88.21525885558583,108.18135967600129,-165.38028603013663,1468,5.8261464750171115,NO,NO
NVDA,NVIDIA,Weekly_Leveraged_5x,Weekly with 5x leverage - maximum aggression,169388.7388266486,238.7774776532972,23.407302648839767,-0.37341921453096155,98.29351535836177,416.7705296880782,-128.23474470357692,293,5.801505817932923,NO,NO
NVDA,NVIDIA,Daily_Momentum_Rider,Daily puts only when stock trending up (momentum),87596.41336478904,75.19282672957807,10.137469684782419,-3.157015243039005,84.13068844807468,71.17700159872471,-100.89856461684957,857,5.806981519507187,NO,NO
NVDA,NVIDIA,Daily_High_Vol_Max_Premium,"Daily puts only when VIX>25, max contracts",196275.3521742409,292.5507043484818,26.45508293122436,-3.151891853875065,77.8688524590164,196.8460902104642,-241.13947736323541,1464,5.8261464750171115,NO,NO
NVDA,NVIDIA,Daily_Close_ITM,Daily 1% ITM for higher premium,164081.47939829,228.16295879657997,22.625737195084007,-1.5992920578687424,77.86103542234332,133.99520540231475,-120.23089346632577,1468,5.8261464750171115,NO,NO
NVDA,NVIDIA,Wheel_Strategy_Aggressive,"Sell puts, get assigned, sell calls (simulated)",100624.79141569773,101.24958283139547,12.81179487098032,-0.014128384702442674,99.31740614334471,174.00429177277337,-5.228745089607671,293,5.801505817932923,NO,NO
NVDA,NVIDIA,Daily_Range_Bound,Daily puts when stock pulls back 2%+ (buy the dip),116770.85098873536,133.5417019774707,15.671425167453013,-2.358246667658296,86.37362637362638,111.68054971054595,-169.43597648188398,910,5.8261464750171115,NO,NO
NVDA,NVIDIA,Daily_Compounding_Beast,"Daily ATM, reinvest ALL profits, compound aggressively",415779.32749052625,731.5586549810524,43.84356893434496,-3.849104348383977,77.86103542234332,490.94884459606783,-601.1544673316288,1468,5.8261464750171115,NO,NO
NVDA,NVIDIA,Weekly_All_In_Risk,"Weekly ATM, use 100% of capital every trade",363924424.67791855,727748.8493558371,363.12299141474875,-5.385436031095933,92.83276450511946,1342741.8241369182,-64350.070824913346,293,5.801505817932923,NO,YES
NVDA,NVIDIA,Daily_Volatility_Harvester,"Daily 0.5% ITM during high vol, more contracts",238716.61525424683,377.4332305084937,30.776163228818266,-2.4047633775436204,77.86103542234332,232.52735264764078,-237.11430406771188,1468,5.8261464750171115,NO,NO
AMD,AMD,Daily_ATM_Aggressive,"Daily ATM puts, 2x leverage, high frequency",241691.9802954164,383.3839605908328,31.054502180090672,-4.157492408656997,76.90735694822888,282.9639196149294,-376.91529483728374,1468,5.8261464750171115,NO,NO
AMD,AMD,Daily_ITM_Premium_Hunter,Daily In-the-Money puts for maximum premium,240826.74604522984,381.6534920904597,30.973855428806818,-1.338398492618026,76.90735694822888,225.61017583715653,-188.45764741864187,1468,5.8261464750171115,NO,NO
AMD,AMD,Daily_Scalper_3x,"Daily trades, 3x contracts, quick gains",361324.6976416072,622.6493952832144,40.41916074986385,-4.482573724872778,88.96457765667574,311.78306335678843,-591.7529821133204,1468,5.8261464750171115,NO,NO
AMD,AMD,Weekly_Leveraged_5x,Weekly with 5x leverage - maximum aggression,386901.9221076077,673.8038442152155,42.289369177748235,-2.3695454560153286,96.9283276450512,1210.2034397524183,-755.0949757865571,293,5.801505817932923,NO,NO
AMD,AMD,Daily_Momentum_Rider,Daily puts only when stock trending up (momentum),122031.65641691649,144.06331283383298,16.60856531343109,-4.285626137228574,81.35376756066411,209.46773639698796,-420.5430936161978,783,5.806981519507187,NO,NO
AMD,AMD,Daily_High_Vol_Max_Premium,"Daily puts only when VIX>25, max contracts",433571.01772935275,767.1420354587055,44.881803669747256,-6.691758136454458,76.95978186775733,565.9278392298588,-755.5074342046106,1467,5.8261464750171115,NO,NO
AMD,AMD,Daily_Close_ITM,Daily 1% ITM for higher premium,352315.3400404415,604.6306800808829,39.81190464301913,-2.876361926793848,76.90735694822888,380.9474092030834,-376.9152948372837,1468,5.8261464750171115,NO,NO
AMD,AMD,Wheel_Strategy_Aggressive,"Sell puts, get assigned, sell calls (simulated)",197349.93787761958,294.6998757552392,26.700395277462352,-0.3907745228501913,99.31740614334471,507.6439073282196,-187.21957744618155,293,5.801505817932923,NO,NO
AMD,AMD,Daily_Range_Bound,Daily puts when stock pulls back 2%+ (buy the dip),265981.4679212804,431.9629358425608,33.22640419135414,-4.956062362237009,88.24091778202677,311.8823978772482,-584.4389050359345,1046,5.8261464750171115,NO,NO
AMD,AMD,Daily_Compounding_Beast,"Daily ATM, reinvest ALL profits, compound aggressively",1008459.9014770801,1916.91980295416,67.46991716827083,-10.550489507514373,76.90735694822888,1414.8195980746473,-1884.5764741864184,1468,5.8261464750171115,NO,NO
AMD,AMD,Weekly_All_In_Risk,"Weekly ATM, use 100% of capital every trade",405920101.4047204,811740.2028094409,371.92359783143223,-8.92940953967615,93.51535836177474,1487798.5412573097,-94036.78419907117,293,5.801505817932923,NO,YES
AMD,AMD,Daily_Volatility_Harvester,"Daily 0.5% ITM during high vol, more contracts",547616.9384179693,995.2338768359386,50.80682546544439,-5.3589277793849615,76.90735694822888,664.7274754086355,-745.9008298477314,1468,5.8261464750171115,NO,NO
COIN,Coinbase,Daily_ATM_Aggressive,"Daily ATM puts, 2x leverage, high frequency",291991.062446843,483.98212489368603,64.49783372327218,-10.803791614711475,71.58836689038031,699.1431139953226,-808.8997264179659,894,3.5455167693360714,NO,NO
COIN,Coinbase,Daily_ITM_Premium_Hunter,Daily In-the-Money puts for maximum premium,272959.8497506432,445.91969950128635,61.400347234883526,-5.723636309170354,71.58836689038031,508.8908046964451,-404.44986320898295,894,3.5455167693360714,NO,NO
COIN,Coinbase,Daily_Scalper_3x,"Daily trades, 3x contracts, quick gains",399030.3076479541,698.0606152959082,79.64532133107689,-8.968929165223981,80.08948545861297,769.2703785587237,-1133.5240640454595,894,3.5455167693360714,NO,NO
COIN,Coinbase,Weekly_Leveraged_5x,Weekly with 5x leverage - maximum aggression,504018.156307114,908.0363126142281,93.05184064165408,-2.547225518228778,93.25842696629213,2813.33349548164,-1082.9336619031894,178,3.512662559890486,NO,NO
COIN,Coinbase,Daily_Momentum_Rider,Daily puts only when stock trending up (momentum),106352.53591900735,112.7050718380147,23.98981292652156,-16.032505779102348,71.08433734939759,517.9391493239559,-803.6626094296638,415,3.509924709103354,NO,NO
COIN,Coinbase,Daily_High_Vol_Max_Premium,"Daily puts only when VIX>25, max contracts",533982.1248936863,967.9642497873725,95.02965330477477,-17.561041334778988,71.58836689038031,1398.286227990645,-1617.7994528359318,894,3.5455167693360714,NO,NO
COIN,Coinbase,Daily_Close_ITM,Daily 1% ITM for higher premium,404599.4375383959,709.1988750767919,80.34896666073811,-10.190065394357113,71.58836689038031,875.093700075874,-808.8997264179659,894,3.5455167693360714,NO,NO
COIN,Coinbase,Wheel_Strategy_Aggressive,"Sell puts, get assigned, sell calls (simulated)",266936.61124339607,433.8732224867921,61.09803446346322,-0.8464487054303589,98.87640449438202,1239.909612483299,-643.7402768322527,178,3.512662559890486,NO,NO
COIN,Coinbase,Daily_Range_Bound,Daily puts when stock pulls back 2%+ (buy the dip),333591.6893420284,567.1833786840568,70.79507389897091,-10.122507824027755,79.89347536617842,763.9621000231647,-1157.5203355752997,751,3.5455167693360714,NO,NO
COIN,Coinbase,Daily_Compounding_Beast,"Daily ATM, reinvest ALL profits, compound aggressively",1204015.486184808,2308.030972369616,145.29727211825923,-22.592404981973772,71.58836689038031,3348.107618112766,-3892.8086197140274,894,3.5455167693360714,NO,YES
COIN,Coinbase,Weekly_All_In_Risk,"Weekly ATM, use 100% of capital every trade",119715292.67291692,239330.58534583382,816.219435875589,-12.529021534101862,85.95505617977528,818104.8896082497,-220190.21748581142,178,3.512662559890486,NO,YES
COIN,Coinbase,Daily_Volatility_Harvester,"Daily 0.5% ITM during high vol, more contracts",649599.0571776517,1199.1981143553035,106.11426807310274,-17.202942534616643,71.58836689038031,1578.9376846843406,-1617.7994528359318,894,3.5455167693360714,NO,YES
MSTR,MicroStrategy,Daily_ATM_Aggressive,"Daily ATM puts, 2x leverage, high frequency",240180.64881239706,380.36129762479413,30.913477324288706,-6.162836598168246,77.79291553133515,252.57580176849706,-301.41385523689166,1468,5.8261464750171115,NO,NO
MSTR,MicroStrategy,Daily_ITM_Premium_Hunter,Daily In-the-Money puts for maximum premium,199061.90805488027,298.1238161097605,26.761432743427616,-3.2884908094320124,77.79291553133515,173.54848201269138,-150.70692761844583,1468,5.8261464750171115,NO,NO
MSTR,MicroStrategy,Daily_Scalper_3x,"Daily trades, 3x contracts, quick gains",274259.6075376979,448.5192150753957,33.92908945826674,-8.55374055508012,85.89918256130791,265.6571755573576,-534.9472987445889,1468,5.8261464750171115,NO,NO
MSTR,MicroStrategy,Weekly_Leveraged_5x,Weekly with 5x leverage - maximum aggression,331905.240527928,563.810481055856,38.57821242998887,-2.4809059824468016,96.58703071672356,1054.2257122102228,-1644.0636027565245,293,5.801505817932923,NO,NO
MSTR,MicroStrategy,Daily_Momentum_Rider,Daily puts only when stock trending up (momentum),102870.43652294013,105.74087304588026,13.221893926168505,-7.688834020750559,79.51807228915662,180.52220676450295,-355.2925117331676,747,5.809719370294319,NO,NO
MSTR,MicroStrategy,Daily_High_Vol_Max_Premium,"Daily puts only when VIX>25, max contracts",429501.37346299266,759.0027469259853,44.647476072583146,-9.493798155814108,77.72988505747126,531.5492182117779,-631.0802601359705,1392,5.8261464750171115,NO,NO
MSTR,MicroStrategy,Daily_Close_ITM,Daily 1% ITM for higher premium,301003.67006598297,502.0073401319659,36.08519500127674,-5.531886435817366,77.79291553133515,305.83589043188226,-301.41385523689166,1468,5.8261464750171115,NO,NO
MSTR,MicroStrategy,Wheel_Strategy_Aggressive,"Sell puts, get assigned, sell calls (simulated)",180099.35200779437,260.19870401558876,24.71843039101247,-0.7010512959102907,98.29351535836177,457.6561254049358,-341.122421765427,293,5.801505817932923,NO,NO
MSTR,MicroStrategy,Daily_Range_Bound,Daily puts when stock pulls back 2%+ (buy the dip),230418.78842558956,360.8375768511791,29.984444888471074,-9.862971431349143,84.74885844748859,288.08030869408253,-520.4774733084959,1095,5.8261464750171115,NO,NO
MSTR,MicroStrategy,Daily_Compounding_Beast,"Daily ATM, reinvest ALL profits, compound aggressively",1000903.2440619853,1901.8064881239707,67.25385514099369,-13.752618681666481,77.79291553133515,1262.8790088424855,-1507.0692761844584,1468,5.8261464750171115,NO,NO
MSTR,MicroStrategy,Weekly_All_In_Risk,"Weekly ATM, use 100% of capital every trade",27041973245.22088,54083846.490441754,873.203144332053,-13.025710600001819,93.1740614334471,101794963.80132978,-37405093.62710761,293,5.801505817932923,NO,YES
MSTR,MicroStrategy,Daily_Volatility_Harvester,"Daily 0.5% ITM during high vol, more contracts",493152.6926951383,886.3053853902766,48.119471854580695,-8.714589412392797,77.79291553133515,559.2929099006359,-599.8767190533347,1468,5.8261464750171115,NO,NO
QQQ,Nasdaq ETF,Daily_ATM_Aggressive,"Daily ATM puts, 2x leverage, high frequency",322164.19961510674,544.3283992302134,37.68137762948989,-15.827571043630645,76.77111716621253,423.2532805622523,-600.7104034561629,1468,5.8261464750171115,NO,NO
QQQ,Nasdaq ETF,Daily_ITM_Premium_Hunter,Daily In-the-Money puts for maximum premium,411850.44290221354,723.7008858044271,43.60935018483902,-5.224141878644205,76.77111716621253,411.99154170901124,-300.48101056845326,1468,5.8261464750171115,NO,NO
QQQ,Nasdaq ETF,Daily_Scalper_3x,"Daily trades, 3x contracts, quick gains",666789.8251599172,1233.5796503198346,55.99055259196759,-9.092021984625811,95.98092643051771,473.6609486047001,-857.6008715950011,1468,5.8261464750171115,NO,NO
QQQ,Nasdaq ETF,Weekly_Leveraged_5x,Weekly with 5x leverage - maximum aggression,565509.0549977296,1031.0181099954593,51.9097113982069,-3.2217001097791735,99.31740614334471,1784.4581770055288,-1884.1372554397303,293,5.801505817932923,NO,NO
QQQ,Nasdaq ETF,Daily_Momentum_Rider,Daily puts only when stock trending up (momentum),237204.43069890258,374.40886139780514,30.73234109475702,-3.198079527428324,90.65743944636678,296.7171979970252,-568.0899620587503,867,5.809719370294319,NO,NO
QQQ,Nasdaq ETF,Daily_High_Vol_Max_Premium,"Daily puts only when VIX>25, max contracts",388947.3837382393,677.8947674764786,42.923719238016304,-30.276683349647936,76.66174298375185,1100.800077832363,-1470.6826370680826,677,5.7440109514031485,NO,NO
QQQ,Nasdaq ETF,Daily_Close_ITM,Daily 1% ITM for higher premium,656729.5874340647,1213.4591748681296,55.58404684304223,-9.140157813987312,76.77111716621253,720.193111483363,-600.9620211369065,1468,5.8261464750171115,NO,NO
QQQ,Nasdaq ETF,Wheel_Strategy_Aggressive,"Sell puts, get assigned, sell calls (simulated)",265492.0406331249,430.98408126624975,33.346494680465,-0.012299369763217044,99.65870307167235,738.0158922833311,-8.599913607718236,293,5.801505817932923,NO,NO
QQQ,Nasdaq ETF,Daily_Range_Bound,Daily puts when stock pulls back 2%+ (buy the dip),267953.3293559747,435.9066587119494,33.90889763843952,-16.461270644007683,93.125,551.7769382998428,-869.4230928501486,480,5.749486652977413,NO,NO
QQQ,Nasdaq ETF,Daily_Compounding_Beast,"Daily ATM, reinvest ALL profits, compound aggressively",1398472.536413622,2696.945072827244,77.13683696227606,-34.83074813458125,76.77111716621253,2100.3181252706213,-2987.055691396969,1468,5.8261464750171115,NO,NO
QQQ,Nasdaq ETF,Weekly_All_In_Risk,"Weekly ATM, use 100% of capital every trade",1805447.346304992,3510.894692609984,85.56009014894393,-6.840789022885185,90.78498293515358,6809.952618790299,-2074.075936786196,293,5.801505817932923,NO,NO
QQQ,Nasdaq ETF,Daily_Volatility_Harvester,"Daily 0.5% ITM during high vol, more contracts",813520.3394597851,1527.0406789195702,61.40778169717094,-17.003988948565887,76.77111716621253,968.40264428347,-961.493960843653,1468,5.8261464750171115,NO,NO
PLTR,Palantir,Daily_ATM_Aggressive,"Daily ATM puts, 2x leverage, high frequency",90164.83834811047,80.32967669622094,15.539035181967154,-1.2816850333799206,76.36186770428014,76.12590566822995,-80.63373498539163,1028,4.082135523613963,NO,NO
PLTR,Palantir,Daily_ITM_Premium_Hunter,Daily In-the-Money puts for maximum premium,83802.87960038554,67.60575920077108,13.48645247862268,-0.6716306164716204,76.36186770428014,55.54124637084183,-40.31686749269581,1028,4.082135523613963,NO,NO
PLTR,Palantir,Daily_Scalper_3x,"Daily trades, 3x contracts, quick gains",106042.5599305231,112.08511986104621,20.222331009413175,-1.585939784573516,86.96498054474708,82.54338672148941,-132.47184924245093,1028,4.082135523613963,NO,NO
PLTR,Palantir,Weekly_Leveraged_5x,Weekly with 5x leverage - maximum aggression,110244.81507309568,120.48963014619136,21.515194446304832,-1.186208366763396,96.09756097560975,319.2486756239881,-330.8967531037557,205,4.057494866529774,NO,NO
PLTR,Palantir,Daily_Momentum_Rider,Daily puts only when stock trending up (momentum),65292.92710001341,30.58585420002682,6.788620199356554,-1.3197162192846505,79.02621722846442,56.389035663388064,-75.92183883871712,534,4.0629705681040384,NO,NO
PLTR,Palantir,Daily_High_Vol_Max_Premium,"Daily puts only when VIX>25, max contracts",130329.67669622085,160.65935339244172,26.451913123781235,-2.235046571539914,76.36186770428014,152.2518113364599,-161.26746997078325,1028,4.082135523613963,NO,NO
PLTR,Palantir,Daily_Close_ITM,Daily 1% ITM for higher premium,106197.28000803769,112.39456001607537,20.265277246911918,-1.2443710818729679,76.36186770428014,96.549398228647,-80.63373498539163,1028,4.082135523613963,NO,NO
PLTR,Palantir,Wheel_Strategy_Aggressive,"Sell puts, get assigned, sell calls (simulated)",76669.83775256583,53.33967550513166,11.110717451968588,-0.3202040361300079,98.53658536585365,133.71042670845102,-113.22281418040853,205,4.057494866529774,NO,NO
PLTR,Palantir,Daily_Range_Bound,Daily puts when stock pulls back 2%+ (buy the dip),92497.00624446216,84.99401248892433,16.26408193269682,-1.628193538032748,86.3013698630137,80.61729674711745,-121.55254910263959,803,4.082135523613963,NO,NO
PLTR,Palantir,Daily_Compounding_Beast,"Daily ATM, reinvest ALL profits, compound aggressively",250824.19174055138,401.64838348110277,48.448809259985936,-4.036571035573787,76.36186770428014,380.62952834114975,-403.16867492695826,1028,4.082135523613963,NO,NO
PLTR,Palantir,Weekly_All_In_Risk,"Weekly ATM, use 100% of capital every trade",205288193.7221178,410476.3874442357,677.2272299375046,-12.211440781295298,91.21951219512195,1172544.7795884602,-779315.5589402344,205,4.057494866529774,NO,YES
PLTR,Palantir,Daily_Volatility_Harvester,"Daily 0.5% ITM during high vol, more contracts",147770.5378014608,195.5410756029216,30.402875891823133,-2.176109690200646,76.36186770428014,173.94349042027864,-159.56832172205026,1028,4.082135523613963,NO,NO
RIVN,Rivian,Daily_ATM_Aggressive,"Daily ATM puts, 2x leverage, high frequency",79105.23597601157,58.210471952023134,16.699699714917628,-16.109668549956282,73.36010709504686,139.57411233151572,-238.09737478220708,747,2.97056810403833,NO,NO
RIVN,Rivian,Daily_ITM_Premium_Hunter,Daily In-the-Money puts for maximum premium,79648.34698237521,59.29669396475041,16.96880810752073,-7.653558814737557,73.36010709504686,97.33400688541028,-119.04868739110354,747,2.97056810403833,NO,NO
RIVN,Rivian,Daily_Scalper_3x,"Daily trades, 3x contracts, quick gains",86825.37211492764,73.65074422985528,20.415883131576386,-22.217771088895873,79.78580990629183,152.0073694168344,-356.0994705795087,747,2.97056810403833,NO,NO
RIVN,Rivian,Weekly_Leveraged_5x,Weekly with 5x leverage - maximum aggression,116782.09350850928,133.56418701701855,33.333722228026666,-0.5696550250800901,91.94630872483222,548.6163855892058,-698.1959431009936,149,2.948665297741273,NO,NO
RIVN,Rivian,Daily_Momentum_Rider,Daily puts only when stock trending up (momentum),52759.15457159272,5.518309143185441,1.8383410729317484,-8.0361086641002,75.45454545454545,98.73087421912575,-269.442384061353,330,2.948665297741273,NO,NO
RIVN,Rivian,Daily_High_Vol_Max_Premium,"Daily puts only when VIX>25, max contracts",108210.47195202268,116.42094390404536,29.680235996791502,-30.53864084756327,73.36010709504686,279.14822466303144,-476.19474956441417,747,2.97056810403833,NO,NO
RIVN,Rivian,Daily_Close_ITM,Daily 1% ITM for higher premium,95730.31492689351,91.46062985378701,24.43945298021095,-15.35142020058731,73.36010709504686,169.91184764334412,-238.09737478220708,747,2.97056810403833,NO,NO
RIVN,Rivian,Wheel_Strategy_Aggressive,"Sell puts, get assigned, sell calls (simulated)",84829.55882998605,69.6591176599721,19.634932040886376,-0.07282217301205358,98.65771812080537,244.01671598848014,-520.4492101602704,149,2.948665297741273,NO,NO
RIVN,Rivian,Daily_Range_Bound,Daily puts when stock pulls back 2%+ (buy the dip),80287.55980994806,60.575119619896114,17.283979513568305,-22.217771088895873,79.20489296636084,156.54730670775777,-373.55841959316575,654,2.97056810403833,NO,NO
RIVN,Rivian,Daily_Compounding_Beast,"Daily ATM, reinvest ALL profits, compound aggressively",198358.35556271632,296.7167111254326,59.02669995966261,-44.46353101293345,73.36010709504686,661.9649078409213,-1077.3789644930066,747,2.97056810403833,NO,NO
RIVN,Rivian,Weekly_All_In_Risk,"Weekly ATM, use 100% of capital every trade",30986452.020315167,61872.904040630325,784.9883112614627,-6.719544420398915,87.91946308724832,249995.4957253101,-100719.88442780293,149,2.948665297741273,NO,YES
RIVN,Rivian,Daily_Volatility_Harvester,"Daily 0.5% ITM during high vol, more contracts",125627.13357502334,151.25426715004667,36.36175058463999,-29.563810412779574,73.36010709504686,310.9304539020839,-476.19474956441417,747,2.97056810403833,NO,NO
